pallet_id,length_cm,width_cm,height_cm,type
2322053,50,30,28,0
2322053,50,30,18,0
2322053,50,30,18,0
2322053,50,30,18,0
2322053,50,30,28,0
2322053,50,30,18,0
2322053,30.2,23.2,19.3,2
2322053,30.2,23.2,19.3,2
2322053,30.2,23.2,19.3,2
2322053,50.3,26.1,34.2,2
2322053,30.2,23.2,19.3,2
2322053,33.3,28.8,21.8,2
2322053,33.3,28.8,21.8,2
2322053,39.5,37.4,23.1,2
2322053,30.2,23.2,19.3,2
2322053,45.2,33.9,19.3,2
2322053,30.2,23.2,19.3,2
2322053,45.5,27.5,18,1
2322053,45.5,27.5,25,1
2322053,50.3,26.1,34.2,2
2322053,40.2,38,29.1,2
2322053,45.5,27.5,25,1
2322053,45.5,27.5,18,1
2322053,35.4,25.2,28.8,2
2322053,56.9,29.7,37.3,2
2322053,56.9,29.7,37.3,2
2322053,45.5,27.5,25,1
2322053,35.5,25.1,28.6,2
2322053,56.9,29.7,37.3,2
2322053,56.9,29.7,37.3,2
2322053,45.5,27.5,25,1
2322053,45.5,27.5,25,1
2322053,57.2,29.5,37.5,2
2322053,42.8,29.7,14.7,2
2322053,35.5,24.9,28.5,2
2322053,35.5,24.9,28.5,2
2322053,45.5,27.5,25,1
2322053,56.9,29.7,37.3,2
2322053,44.4,22,16.8,2
2322053,35.5,24.9,28.5,2
2322053,56.9,29.7,37.3,2
2322053,42.8,29.7,14.7,2
2322053,42.8,29.7,14.7,2
2322053,42.8,29.7,14.7,2
2322053,42.8,29.7,14.7,2
2322053,42.8,29.7,14.7,2
2322053,42.8,29.7,14.7,2
2322053,45.5,27.5,18,1
2322053,42.8,29.7,14.7,2
2322053,42.8,29.7,14.7,2
2322053,42.8,29.7,14.7,2
2322053,45.5,27.5,18,1
2322053,53.1,23.1,27.8,2
2322053,50.2,25.7,34.4,2
2322053,38.9,21.6,29.6,2
2322053,57,29.5,37.4,2
2322053,56.7,29.5,37.4,2
2322053,50.2,25.7,34.4,2
2322053,56.9,29.7,37.3,2
2322053,37,15.6,26.5,2
2322053,33.3,28.2,15.2,2
2322053,45.5,27.5,25,1
2322053,57,29.5,37.4,2
2322053,56.9,29.7,37.3,2
2322053,56.9,29.7,37.3,2
2322053,35.7,21.8,29.4,2
2322053,49.9,26.1,34.4,2
2322053,50.2,25.7,34.4,2
2322053,56.9,29.7,37.3,2
2322053,49.9,26.1,34.4,2
2322053,35.7,21.8,29.4,2
2322053,36.1,22.3,21.4,2
2322053,36.1,22.3,21.4,2
2322053,33.3,28.2,15.2,2
2322053,35.7,21.8,29.4,2
2322061,45.5,27.5,18,1
2322061,33.3,28.2,15.2,2
2322061,49.9,26.1,34.4,2
2322061,50.2,25.7,34.4,2
2322061,45.5,27.5,25,1
2322061,35.7,21.9,29.2,2
2322061,35.7,21.8,29.4,2
2322061,50.2,25.7,34.4,2
2322061,50.2,25.7,34.4,2
2322061,49.9,26.1,34.4,2
2322061,33.3,28.2,15.2,2
2322061,56.7,29.2,37.3,2
2322061,42.5,32.1,32.7,2
2322061,49.9,26.1,34.4,2
2322061,35.3,19.7,23.5,2
2322061,35.3,19.7,23.5,2
2322061,56.7,29.2,37.3,2
2322061,37,15.6,26.5,2
2322061,42.5,32.1,32.7,2
2322061,56.7,29.2,37.3,2
2322061,42.5,32.1,32.7,2
2322061,38.9,29.2,19.1,2
2322061,38.9,29.2,19.1,2
2322061,42.5,32.1,32.7,2
2322061,56.7,29.2,37.3,2
2322061,35.5,25.1,28.6,2
2322061,35.7,21.8,29.4,2
2322061,42.5,32.1,32.7,2
2322061,42.5,32.1,32.7,2
2322061,56.7,29.2,37.3,2
2322061,56.7,29.2,37.3,2
2322061,56.7,29.2,37.3,2
2322061,45.5,27.5,25,1
2322061,45.5,27.5,25,1
2322061,50,30,28,0
2322061,50,30,28,0
2322061,50,30,28,0
2322061,50,30,18,0
2322061,50,30,28,0
2322061,50,30,28,0
2322061,50,30,28,0
2322061,50,30,28,0
2322061,50,30,28,0
2322061,50,30,28,0
2322061,50,30,28,0
2322061,28.4,15.2,12.6,2
2322061,50,30,28,0
2322061,50,30,28,0
2322061,50,30,18,0
2322061,50,30,28,0
2322061,50,30,18,0
2322061,50,30,18,0
2322061,50,30,28,0
2322061,50,30,18,0
2322061,50,30,28,0
2322061,38,28.1,23.4,2
2322061,50,30,18,0
2322061,50,30,18,0
2322061,50,30,18,0
2322061,30.2,23.2,19.3,2
2322061,50,30,18,0
2322061,44.4,22,16.8,2
2322061,45.5,27.5,25,1
2322061,44.4,22,16.8,2
2322061,44.4,22,16.8,2
2322061,44.4,22,16.8,2
2322061,50,30,18,0
2322061,50,30,18,0
2322061,50,30,18,0
2322061,50,30,18,0
2322061,50,30,18,0
2322061,50,30,28,0
2322061,19.4,13.6,11.7,2
2322061,50,30,28,0
2322061,45.5,27.5,18,1
2322072,19.5,12.3,13.3,2
2322072,45.5,27.5,18,1
2322072,14.5,12.5,23,2
2322072,14.5,12.5,23,2
2322072,14.5,12.5,23,2
2322072,14.5,12.5,23,2
2322072,14.5,12.5,23,2
2322072,45.5,27.5,18,1
2322072,14.5,12.5,23,2
2322072,14.5,12.5,23,2
2322072,45.5,27.5,25,1
2322072,14.5,12.5,23,2
2322072,50,30,18,0
2322072,45.5,27.5,18,1
2322072,20.6,16.3,21.9,2
2322072,14.5,12.5,23,2
2322072,14.5,12.5,23,2
2322072,45.5,27.5,25,1
2322072,21.8,19.6,24.4,2
2322072,21,16.6,21.8,2
2322072,45.5,27.5,25,1
2322072,19.4,13.5,11.8,2
2322072,19.9,14.9,12.5,2
2322072,28.8,17.1,21.9,2
2322072,20.2,12.1,13.2,2
2322072,23.2,15.5,10.9,2
2322072,14.5,12.5,23,2
2322072,45.5,27.5,25,1
2322072,15.2,10.4,25.2,2
2322072,45.5,27.5,25,1
2322072,16.6,12.5,14,2
2322072,20.6,15.8,21.3,2
2322072,45.5,27.5,18,1
2322072,20.1,12.4,12.6,2
2322072,45.5,27.5,25,1
2322072,45.2,34.9,22.8,2
2322072,19.8,14.4,13.1,2
2322072,52.8,27.3,15.3,2
2322072,39.5,26.5,34,2
2322072,41.8,31,26.2,2
2322072,50,30,28,0
2322072,45.5,27.5,18,1
2322072,50,30,28,0
2322072,39.5,26.5,34,2
2322072,41.8,31,26.2,2
2322072,41.8,31,26.2,2
2322072,50,30,18,0
2322072,45.5,27.5,25,1
2322072,41.1,31.4,26,2
2322072,42.1,31.4,26.1,2
2322072,38,29.9,30,2
2322072,45.5,27.5,25,1
2322072,42.1,31.4,26.1,2
2322072,45.5,27.5,25,1
2322072,39.8,26.4,33.8,2
2322072,49.5,38.9,43.3,2
2322072,23.2,15,11.1,2
2322072,39.5,26.5,34,2
2322072,42.1,31.4,26.1,2
2322072,38,29.9,30,2
2322072,19.3,13.8,11.6,2
2322072,31.5,42,25.5,2
2322072,45,34.1,19.3,2
2322072,42.1,31.4,26.1,2
2322072,50,30,18,0
2322072,31.5,42,25.5,2
2322072,25.1,14.8,12.7,2
2322072,40.4,26.8,33.6,2
2322072,36,18.3,11.9,2
2322072,28.8,17.1,21.9,2
2322072,39.8,26.4,33.8,2
2322072,38,29.9,30,2
2322072,40.4,26.8,33.6,2
2322072,39.8,26.4,33.8,2
2322072,45.5,27.5,18,1
2322077,45.5,27.5,25,1
2322077,50,30,28,0
2322077,40.4,27.2,33.7,2
2322077,40.4,27.2,33.7,2
2322077,27,37,33,2
2322077,50,30,28,0
2322077,40.4,27.2,33.7,2
2322077,45.5,27.5,18,1
2322077,45.5,27.5,25,1
2322077,45.5,27.5,25,1
2322077,45.5,27.5,25,1
2322077,45.5,27.5,25,1
2322077,50,30,28,0
2322077,50,30,18,0
2322077,50,30,28,0
2322077,45.5,27.5,18,1
2322077,45.5,27.5,18,1
2322077,45.5,27.5,25,1
2322077,50,30,28,0
2322077,45.5,27.5,18,1
2322077,45.5,27.5,25,1
2322077,45.5,27.5,25,1
2322077,45.5,27.5,18,1
2322077,22.2,22,21.9,2
2322077,45.5,27.5,25,1
2322077,45.5,27.5,18,1
2322077,45.5,27.5,25,1
2322077,45.5,27.5,25,1
2322077,45.5,27.5,18,1
2322077,45.5,27.5,25,1
2322077,45.5,27.5,25,1
2322077,45.5,27.5,18,1
2322077,45.5,27.5,18,1
2322077,45.5,27.5,18,1
2322077,50,30,18,0
2322077,50,30,28,0
2322077,50,30,28,0
2322077,50,30,18,0
2322077,50,30,28,0
2322077,50,30,28,0
2322077,50,30,28,0
2322077,50,30,28,0
2322077,50,30,28,0
2322077,50,30,28,0
2322077,50,30,18,0
2322077,50,30,28,0
2322077,45.5,27.5,25,1
2322077,45.5,27.5,18,1
2322077,50,30,28,0
2322077,45.5,27.5,25,1
2322077,45.5,27.5,18,1
2322077,45.5,27.5,18,1
2322077,45.5,27.5,18,1
2322077,50,30,28,0
2322077,50,30,28,0
2322077,45.5,27.5,25,1
2322077,33,13.7,17.7,2
2322077,45.5,27.5,25,1
2322077,33,13.7,17.7,2
2322077,45.5,27.5,25,1
2322077,45.5,27.5,25,1
2322077,45.5,27.5,18,1
2322077,39.8,26.4,33.8,2
2322077,45.5,27.5,18,1
2322077,41.1,31.4,26,2
2322077,45.5,27.5,18,1
2322077,45.5,27.5,18,1
2322077,31.5,42,25.5,2
2322077,41,30.5,20.1,2
2322077,39.8,26.4,33.8,2
2322077,39.8,26.4,33.8,2
2322077,45.5,27.5,25,1
2322077,50,30,28,0
2322077,45.5,27.5,18,1
2322077,45.5,27.5,18,1
2283097,45.5,27.5,18,1
2283097,45.5,27.5,25,1
2283097,42.1,31.4,26.1,2
2283097,42.1,31.4,26.1,2
2283097,40.4,26.8,33.6,2
2283097,42.1,31.4,26.1,2
2283097,42.1,31.4,26.1,2
2283097,39.5,26.5,34,2
2283097,39.5,26.5,34,2
2283097,41.8,31,26.2,2
2283097,41.8,31,26.2,2
2283097,41.8,31,26.2,2
2283097,50,30,28,0
2283097,50,30,28,0
2283097,50,30,28,0
2283097,50,30,28,0
2283097,50,30,18,0
2283097,50,30,28,0
2283097,50,30,28,0
2283097,50,30,28,0
2283097,50,30,28,0
2283097,50,30,28,0
2283097,50,30,18,0
2283097,50,30,28,0
2283097,50,30,28,0
2283097,50,30,18,0
2283097,50,30,18,0
2283097,50,30,28,0
2283097,50,30,28,0
2283097,50,30,18,0
2283097,50,30,28,0
2283097,50,30,18,0
2283097,50,30,18,0
2283097,50,30,28,0
2283097,50,30,28,0
2283097,50,30,18,0
2283097,50,30,18,0
2283097,50,30,18,0
2283097,50,30,28,0
2283097,50,30,28,0
2283097,50,30,28,0
2283097,50,30,28,0
2283097,50,30,28,0
2283097,45.5,27.5,25,1
2283097,50,30,28,0
2283097,50,30,18,0
2283097,45.5,27.5,25,1
2283097,45.5,27.5,18,1
2283097,45.5,27.5,25,1
2283097,50,30,28,0
2283097,45.5,27.5,25,1
2283097,50,30,28,0
2283097,45.5,27.5,25,1
2283097,45.5,27.5,25,1
2283097,50,30,28,0
2283097,45.5,27.5,25,1
2283097,45.5,27.5,18,1
2283097,29.7,20.8,23.5,2
2283097,45.5,27.5,18,1
2283097,45.5,27.5,25,1
2283097,19.9,14.9,12.5,2
2283097,45.5,27.5,25,1
2283097,45.5,27.5,25,1
2283097,45.5,27.5,25,1
2283097,45.5,27.5,25,1
2283097,31.5,42,25.5,2
2283097,31.5,42,25.5,2
2283097,21.5,15.8,13.4,2
2283097,21.5,15.8,13.4,2
2283097,21.5,15.8,13.4,2
2283097,21.5,15.8,13.4,2
2283097,21.5,15.8,13.4,2
2283097,45.5,27.5,18,1
2283097,23.2,15.5,10.9,2
2283097,45.5,27.5,25,1
2322082,45.5,27.5,25,1
2322082,45.5,27.5,25,1
2322082,39.5,26.5,34,2
2322082,20.1,12.4,12.6,2
2322082,19.9,12.1,14.8,2
2322082,39.5,26.5,34,2
2322082,45.5,27.5,25,1
2322082,39.5,26.5,34,2
2322082,39.5,26.5,34,2
2322082,39.5,26.5,34,2
2322082,39.5,26.5,34,2
2322082,39.5,26.5,34,2
2322082,39.5,26.5,34,2
2322082,27,37,33,2
2322082,26.5,39,32,2
2322082,26.5,39,32,2
2322082,41.8,31.5,25.9,2
2322082,45.5,27.5,18,1
2322082,20.2,12.2,12.2,2
2322082,42.8,29.7,14.7,2
2322082,15.2,10.4,25.2,2
2322082,26.9,24.4,32.2,2
2322082,26.9,24.4,32.2,2
2322082,19.3,13.8,11.6,2
2322082,26.9,24.4,32.2,2
2322082,27,21,19.5,2
2322082,39.2,23.9,20.5,2
2322082,19.3,13.8,11.6,2
2322082,45.5,27.5,18,1
2322082,40.4,27.2,33.7,2
2322082,19.5,12.3,13.3,2
2322082,23.2,15,11.1,2
2322082,27,37,33,2
2322082,40.4,27.2,33.7,2
2322082,40.4,27.2,33.7,2
2322082,40.4,27.2,33.7,2
2322082,52.8,27.3,15.3,2
2322082,40.4,26.8,33.6,2
2322082,15.9,14.3,18,2
2322082,19.4,13.6,11.7,2
2322082,19.4,13.6,11.7,2
2322082,26.9,24.4,32.2,2
2322082,26.9,24.4,32.2,2
2322082,42.1,31.4,26.1,2
2322082,21.5,15.8,13.4,2
2322082,20.6,15.8,21.3,2
2322082,21.5,15.8,13.4,2
2322082,42.1,31.4,26.1,2
2322082,40.4,26.8,33.6,2
2322082,40,16.8,16.8,2
2322082,21.5,15.8,13.4,2
2322082,20.2,12.1,13.2,2
2322082,42.1,31.4,26.1,2
2322082,21.5,15.8,13.4,2
2322082,42.1,31.4,26.1,2
2322082,21.5,15.8,13.4,2
2322082,39.8,26.4,33.8,2
2322082,39.8,26.4,33.8,2
2322082,42.8,29.7,14.7,2
2322082,26.9,24.4,32.2,2
2322082,27,21,19.5,2
2322082,27,21,19.5,2
2322082,50,30,28,0
2322082,50,30,28,0
2322082,50,30,18,0
2322082,50,30,28,0
2322082,50,30,28,0
2322082,50,30,28,0
2322082,50,30,18,0
2322082,45.5,27.5,18,1
2322082,45.5,27.5,18,1
2322082,45.5,27.5,25,1
2322082,45.5,27.5,25,1
2322082,45.5,27.5,18,1
2322082,45.5,27.5,25,1
2322051,45.5,27.5,25,1
2322051,45.5,27.5,25,1
2322051,45.5,27.5,18,1
2322051,45.5,27.5,18,1
2322051,45.5,27.5,25,1
2322051,45.5,27.5,18,1
2322051,45.5,27.5,25,1
2322051,45.5,27.5,18,1
2322051,45.5,27.5,25,1
2322051,45.5,27.5,18,1
2322051,45.5,27.5,18,1
2322051,50,30,28,0
2322051,50,30,28,0
2322051,50,30,28,0
2322051,50,30,28,0
2322051,45.5,27.5,18,1
2322051,45.5,27.5,18,1
2322051,45.5,27.5,25,1
2322051,45.5,27.5,25,1
2322051,28.6,18.5,16.1,2
2322051,28.6,18.5,16.1,2
2322051,50,30,28,0
2322051,45.5,27.5,18,1
2322051,28.6,18.5,16.1,2
2322051,28.6,18.5,16.1,2
2322051,28.6,18.5,16.1,2
2322051,28.6,18.5,16.1,2
2322051,50,30,28,0
2322051,28.6,18.5,16.1,2
2322051,45.5,27.5,18,1
2322051,21.5,15.8,13.4,2
2322051,30.2,23.2,19.3,2
2322051,21.5,15.8,13.4,2
2322051,30.2,23.2,19.3,2
2322051,30.2,23.2,19.3,2
2322051,30.2,23.2,19.3,2
2322051,30.2,23.2,19.3,2
2322051,42.8,29.7,14.7,2
2322051,42.8,29.7,14.7,2
2322051,39.9,37.9,24.5,2
2322051,39.9,37.9,24.5,2
2322051,33.3,20,24.5,2
2322051,33.3,20,24.5,2
2322051,19.4,13.6,11.7,2
2322051,33.3,20,24.5,2
2322051,33.3,20,24.5,2
2322051,33.3,20,24.5,2
2322051,33.3,20,24.5,2
2322051,33.3,20,24.5,2
2322051,19.4,13.6,11.7,2
2322051,19.4,13.6,11.7,2
2322051,19.4,13.6,11.7,2
2322051,42.8,29.7,14.7,2
2322051,19.3,13.8,11.6,2
2322051,19.3,13.8,11.6,2
2322051,19.3,13.8,11.6,2
2322051,19.3,13.8,11.6,2
2322051,19.3,13.8,11.6,2
2322051,19.3,13.8,11.6,2
2322051,19.3,13.8,11.6,2
2322051,33.3,20,24.5,2
2322051,33.3,20,24.5,2
2322051,33.3,20,24.5,2
2322051,33,13.7,17.7,2
2322051,33,13.7,17.7,2
2322051,33,13.7,17.7,2
2322051,19.3,13.8,11.6,2
2322051,50,30,28,0
2322051,42.1,31.4,26.1,2
2322051,42.1,31.4,26.1,2
2322051,50,30,18,0
2322051,50,30,28,0
2322051,50,30,28,0
2322051,50,30,28,0
2322051,50,30,28,0
2322123,50,30,18,0
2322123,40.4,26.8,33.6,2
2322123,50,30,28,0
2322123,42.1,31.4,26.1,2
2322123,50,30,28,0
2322123,20.2,13.6,21.2,2
2322123,42.1,31.4,26.1,2
2322123,50,30,28,0
2322123,50,30,28,0
2322123,42.1,31.4,26.1,2
2322123,14.5,12.5,23,2
2322123,28.6,18.5,16.1,2
2322123,24.1,15.4,7.1,2
2322123,20.8,14.8,17.9,2
2322123,45.5,27.5,25,1
2322123,21.9,13.9,14,2
2322123,28.6,18.5,16.1,2
2322123,28.6,18.5,16.1,2
2322123,50,30,18,0
2322123,22.2,22,21.9,2
2322123,50,30,28,0
2322123,23,13.7,20.2,2
2322123,50,30,28,0
2322123,24.3,15.8,16.5,2
2322123,50,30,18,0
2322123,22.2,22,21.9,2
2322123,14.5,12.5,23,2
2322123,20.8,15.2,16.3,2
2322123,50,30,28,0
2322123,50,30,28,0
2322123,49.5,38.9,43.3,2
2322123,50,30,28,0
2322123,17.3,14.7,16.1,2
2322123,50,30,28,0
2322123,50,30,28,0
2322123,24.3,15.8,13.4,2
2322123,50,30,28,0
2322123,50,30,18,0
2322123,28.6,18.5,16.1,2
2322123,50,30,28,0
2322123,50,30,28,0
2322123,28.6,18.5,16.1,2
2322123,22.2,22,21.9,2
2322123,45.5,27.5,18,1
2322123,50,30,28,0
2322123,45.5,27.5,25,1
2322123,45.5,27.5,25,1
2322123,45.5,27.5,18,1
2322123,45.5,27.5,18,1
2322123,50,30,28,0
2322123,50,30,18,0
2322123,50,30,28,0
2322123,46.8,30.2,18.6,2
2322123,22.2,22,21.9,2
2322123,38.2,10.7,23.6,2
2322123,21.5,15.8,13.4,2
2322123,38.2,10.7,23.6,2
2322123,21.5,15.8,13.4,2
2322123,21.5,15.8,13.4,2
2322123,21.5,15.8,13.4,2
2322123,21,15,17.8,2
2322123,21.2,15.8,13.8,2
2322123,21.5,15.8,13.4,2
2322123,41.1,31.4,26,2
2322123,21.2,15.8,13.8,2
2322123,41.1,31.4,26,2
2322123,24.2,14.8,7,2
2322123,31.5,42,25.5,2
2322123,50,30,28,0
2322123,24.6,17.8,14.4,2
2322123,19.9,18.2,20.6,2
2322123,45.5,27.5,18,1
2322123,45.5,27.5,25,1
2322123,45.5,27.5,25,1
2322123,45.5,27.5,18,1
2322125,45.5,27.5,18,1
2322125,19.8,17.5,12.9,2
2322125,40.4,27.2,33.7,2
2322125,21.5,15.8,13.4,2
2322125,50,30,28,0
2322125,40.4,27.2,33.7,2
2322125,21.5,15.8,13.4,2
2322125,14.9,12.3,22.8,2
2322125,50,30,28,0
2322125,38.1,28.6,21.2,2
2322125,14.9,12.3,22.8,2
2322125,45.5,27.5,18,1
2322125,21.5,15.8,13.4,2
2322125,45.5,27.5,25,1
2322125,19.3,14.7,13.7,2
2322125,20.6,15.8,21.3,2
2322125,21.5,15.8,13.4,2
2322125,40.4,27.2,33.7,2
2322125,21.5,15.8,13.4,2
2322125,45.5,27.5,18,1
2322125,19.4,13.6,11.7,2
2322125,50,30,28,0
2322125,33.5,24.5,22.4,2
2322125,41.1,31.4,26,2
2322125,45.5,27.5,25,1
2322125,39.8,26.4,33.8,2
2322125,45.5,27.5,18,1
2322125,45.5,27.5,18,1
2322125,45.5,27.5,18,1
2322125,45.5,27.5,18,1
2322125,45.5,27.5,18,1
2322125,45.5,27.5,25,1
2322125,21.5,15.8,13.4,2
2322125,21.8,13.9,14.1,2
2322125,50.2,44.6,30.3,2
2322125,39.5,26.5,34,2
2322125,27,37,33,2
2322125,39.5,26.5,34,2
2322125,20.9,15,17.9,2
2322125,25,18.7,15.8,2
2322125,25,18.7,15.8,2
2322125,20,13.1,11.6,2
2322125,25,18.7,15.8,2
2322125,42.8,29.7,14.7,2
2322125,25,18.7,15.8,2
2322125,15.2,12,16.8,2
2322125,42.8,29.7,14.7,2
2322125,33,13.7,17.7,2
2322125,27,37,33,2
2322125,39.5,26.5,34,2
2322125,27,37,33,2
2322125,39.5,26.5,34,2
2322125,25,18.7,15.8,2
2322125,25,18.7,15.8,2
2322125,30.2,20.7,9.1,2
2322125,25,18.7,15.8,2
2322125,52.8,27.3,15.3,2
2322125,39.5,26.5,34,2
2322125,25,18.7,15.8,2
2322125,25,18.7,15.8,2
2322125,25,18.7,15.8,2
2322125,25,18.7,15.8,2
2322125,39.5,26.5,34,2
2322125,25,18.7,15.8,2
2322125,39.5,26.5,34,2
2322125,39.8,24.6,26.7,2
2322125,19.2,14,13,2
2322125,50,30,28,0
2322125,50,30,18,0
2322125,50,30,28,0
2322125,45.5,27.5,25,1
2322125,50,30,18,0
2322125,50,30,28,0
2322125,50,30,18,0
2322125,45.5,27.5,25,1
2322067,50,30,28,0
2322067,45.5,27.5,18,1
2322067,45.5,27.5,18,1
2322067,45.5,27.5,18,1
2322067,19.3,13.8,11.6,2
2322067,45.5,27.5,18,1
2322067,45.5,27.5,25,1
2322067,45.5,27.5,25,1
2322067,50,30,28,0
2322067,50,30,28,0
2322067,45.5,27.5,18,1
2322067,50,30,18,0
2322067,45.5,27.5,25,1
2322067,50,30,28,0
2322067,45.5,27.5,18,1
2322067,50,30,18,0
2322067,50,30,28,0
2322067,50,30,28,0
2322067,50,30,18,0
2322067,50,30,28,0
2322067,50,30,18,0
2322067,50,30,28,0
2322067,50,30,18,0
2322067,45.5,27.5,18,1
2322067,45.5,27.5,25,1
2322067,50,30,28,0
2322067,45.5,27.5,25,1
2322067,40.4,27.2,33.7,2
2322067,40.4,26.8,33.6,2
2322067,27,37,33,2
2322067,50,30,18,0
2322067,50,30,28,0
2322067,50,30,28,0
2322067,38.9,29.2,17.9,2
2322067,50,30,18,0
2322067,38,28.1,23.4,2
2322067,33,13.7,17.7,2
2322067,50,30,28,0
2322067,45.5,27.5,25,1
2322067,45.5,27.5,25,1
2322067,21.5,15.8,13.4,2
2322067,45.5,27.5,25,1
2322067,45.5,27.5,25,1
2322067,36.2,24.2,16.5,2
2322067,14.5,12.5,23,2
2322067,21,16.7,21.7,2
2322067,21,16.6,21.8,2
2322067,20.6,16.3,21.9,2
2322067,14.5,12.5,23,2
2322067,21.1,14.8,17.7,2
2322067,20.6,16.3,21.9,2
2322067,27.4,18.4,20.2,2
2322067,20.8,17.1,21.7,2
2322067,20.8,17.1,21.7,2
2322067,16.2,14.3,17.7,2
2322067,21,16.6,21.8,2
2322067,20.6,16.3,21.9,2
2322067,27.4,18.4,20.2,2
2322067,21,16.6,21.8,2
2322067,21,16.8,21.8,2
2322067,20.8,17.1,21.7,2
2322067,50,30,28,0
2322067,21,16.8,21.8,2
2322067,40.7,30.9,20.2,2
2322067,21,16.8,21.8,2
2322067,50,30,28,0
2322067,50,30,28,0
2322067,50,30,28,0
2322067,20.6,16.3,21.9,2
2322067,50,30,28,0
2322067,45.5,27.5,25,1
2322067,45.5,27.5,25,1
2322067,45.5,27.5,18,1
2322067,45.5,27.5,25,1
2283053,45.5,27.5,25,1
2283053,45.5,27.5,25,1
2283053,45.5,27.5,25,1
2283053,45.5,27.5,25,1
2283053,45.5,27.5,25,1
2283053,45.5,27.5,18,1
2283053,45.5,27.5,25,1
2283053,45.5,27.5,25,1
2283053,45.5,27.5,25,1
2283053,45.5,27.5,18,1
2283053,45.5,27.5,25,1
2283053,45.5,27.5,18,1
2283053,45.5,27.5,18,1
2283053,21,16.7,21.7,2
2283053,50.3,35.6,26.9,2
2283053,45.5,27.5,25,1
2283053,45.5,27.5,18,1
2283053,50,30,18,0
2283053,45.5,27.5,18,1
2283053,45.5,27.5,25,1
2283053,50,30,18,0
2283053,45.5,27.5,25,1
2283053,45.5,27.5,25,1
2283053,50,30,28,0
2283053,50,30,28,0
2283053,45.5,27.5,25,1
2283053,50,30,28,0
2283053,50,30,28,0
2283053,50,30,28,0
2283053,50,30,28,0
2283053,50,30,28,0
2283053,50,30,28,0
2283053,50,30,28,0
2283053,50,30,28,0
2283053,50,30,28,0
2283053,50,30,28,0
2283053,50,30,28,0
2283053,50,30,18,0
2283053,50,30,28,0
2283053,50,30,18,0
2283053,50,30,18,0
2283053,50,30,28,0
2283053,50,30,28,0
2283053,50,30,18,0
2283053,50,30,18,0
2283053,50,30,18,0
2283053,50,30,28,0
2283053,50,30,28,0
2283053,50,30,28,0
2283053,50,30,18,0
2283053,50,30,28,0
2283053,50,30,18,0
2283053,50,30,18,0
2283053,50,30,18,0
2283053,50,30,18,0
2283053,50,30,18,0
2283053,50,30,28,0
2283053,25.9,22.9,22.9,2
2283053,20.6,16.3,21.9,2
2283053,50,30,28,0
2283053,21.5,15.8,13.4,2
2283053,24.1,17.6,21.6,2
2283053,24.2,14.8,7,2
2283053,50,30,28,0
2283053,50,30,28,0
2283053,50,30,28,0
2283053,50,30,18,0
2283053,50,30,28,0
2283053,21.5,15.8,13.4,2
2283053,34,20.9,16.6,2
2283053,50,30,18,0
2283053,20.6,15.8,21.3,2
2283053,50,30,18,0
2283053,50,30,28,0
2337062,50,30,28,0
2337062,20,14.8,13.1,2
2337062,52.2,23.1,26.9,2
2337062,45.5,27.5,18,1
2337062,30.2,23.2,19.3,2
2337062,45.5,27.5,18,1
2337062,50,30,18,0
2337062,50,30,28,0
2337062,30.2,23.2,19.3,2
2337062,25,18.7,15.8,2
2337062,50.3,26,34.3,2
2337062,45.5,27.5,18,1
2337062,30.2,23.2,19.3,2
2337062,30.2,23.2,19.3,2
2337062,22.2,22,21.9,2
2337062,19.3,15,13.8,2
2337062,45.5,27.5,25,1
2337062,20.1,12.4,12.6,2
2337062,45.5,27.5,25,1
2337062,45.5,27.5,18,1
2337062,19.5,12.3,13.3,2
2337062,50,30,28,0
2337062,45.5,27.5,18,1
2337062,25,18.7,15.8,2
2337062,22.2,22,21.9,2
2337062,45.5,27.5,18,1
2337062,45.5,27.5,18,1
2337062,30.2,23.2,19.3,2
2337062,50,30,28,0
2337062,45.5,27.5,25,1
2337062,45.5,27.5,25,1
2337062,30.2,23.2,19.3,2
2337062,50,30,18,0
2337062,45.2,34.9,22.8,2
2337062,30.2,23.2,19.3,2
2337062,50,30,28,0
2337062,22.2,22,21.9,2
2337062,30.2,23.2,19.3,2
2337062,45.5,27.5,18,1
2337062,50,30,18,0
2337062,45.5,27.5,25,1
2337062,30.2,23.2,19.3,2
2337062,45.5,27.5,25,1
2337062,45.5,27.5,25,1
2337062,45.5,27.5,25,1
2337062,45.5,27.5,18,1
2337062,45.5,27.5,25,1
2337062,45.5,27.5,18,1
2337062,45.5,27.5,25,1
2337062,35.5,24.9,28.5,2
2337062,19.2,14,13,2
2337062,30.2,23.2,19.3,2
2337062,22.2,22,21.9,2
2337062,50,30,28,0
2337062,45.5,27.5,25,1
2337062,24.1,15.4,7.1,2
2337062,45.5,27.5,18,1
2337062,52.8,27.3,15.3,2
2337062,22.2,22,21.9,2
2337062,45.5,27.5,18,1
2337062,22.2,22,21.9,2
2337062,33,13.7,17.7,2
2337062,22.2,22,21.9,2
2337062,22.2,22,21.9,2
2337062,22.2,22,21.9,2
2337062,50,30,28,0
2337062,19.9,12.1,14.8,2
2337062,41.8,31.5,25.9,2
2337062,22.2,22,21.9,2
2337062,45.5,27.5,18,1
2337062,45.2,34.9,22.8,2
2337062,39.5,26.5,33.9,2
2337062,41.8,31.5,25.9,2
2337062,44.4,22,16.8,2
2322167,50,30,18,0
2322167,40.4,26.8,33.6,2
2322167,39.5,26.5,33.9,2
2322167,27,37,33,2
2322167,41.8,31.5,25.9,2
2322167,50,30,18,0
2322167,26.5,39,32,2
2322167,40.4,26.8,33.6,2
2322167,27,37,33,2
2322167,40.4,26.8,33.6,2
2322167,45.5,27.5,25,1
2322167,39.5,26.5,33.9,2
2322167,49.9,26.1,34.4,2
2322167,50.2,25.7,34.4,2
2322167,20.2,12.1,13.2,2
2322167,15.9,14.3,18,2
2322167,50.2,25.7,34.4,2
2322167,40.4,27.2,33.7,2
2322167,40.4,27.2,33.7,2
2322167,50.2,25.7,34.4,2
2322167,30.2,20.7,9.1,2
2322167,50,30,28,0
2322167,21.1,13.2,17.3,2
2322167,39.5,26.4,44.7,2
2322167,42.1,31.4,26.1,2
2322167,50.2,25.7,34.4,2
2322167,19.3,13.8,11.6,2
2322167,19.8,14.4,13.1,2
2322167,19.3,13.8,11.6,2
2322167,21.1,15.6,13.5,2
2322167,40.4,26.8,33.6,2
2322167,44.4,22,16.8,2
2322167,50,30,18,0
2322167,49.9,26.1,34.4,2
2322167,50.2,25.7,34.4,2
2322167,50,30,18,0
2322167,40.4,27.2,33.7,2
2322167,42.1,31.4,26.1,2
2322167,27,37,33,2
2322167,19.3,13.8,11.6,2
2322167,50.2,25.7,34.4,2
2322167,50,30,28,0
2322167,32,25,22.9,2
2322167,28.6,18.5,16.1,2
2322167,40.4,27.2,33.7,2
2322167,26.5,39,32,2
2322167,40.4,27.2,33.7,2
2322167,31.5,42,25.5,2
2322167,26.5,39,32,2
2322167,31.5,42,25.5,2
2322167,39.8,26.4,33.8,2
2322167,39.8,26.4,33.8,2
2322167,39.8,26.4,33.8,2
2322167,40.4,26.8,33.6,2
2322167,40.4,27.2,33.7,2
2322167,41.8,31.5,25.9,2
2322167,26.5,39,32,2
2322167,40.4,27.2,33.7,2
2322167,39.5,26.5,34,2
2322167,41.8,31.5,25.9,2
2322167,39.8,26.4,33.8,2
2322167,40.4,27.2,33.7,2
2322167,41.8,31.5,25.9,2
2322167,40.4,27.2,33.7,2
2322167,31.5,42,25.5,2
2322167,40.4,27.2,33.7,2
2322167,40.4,26.8,33.6,2
2322167,39.8,26.4,33.8,2
2322167,25,18.7,15.8,2
2322167,40.4,26.8,33.6,2
2322167,39.5,26.5,34,2
2322167,25,18.7,15.8,2
2322167,21.5,15.8,13.4,2
2322167,40.4,26.8,33.6,2
2322177,39.5,26.5,34,2
2322177,21.5,15.8,13.4,2
2322177,33,13.7,17.7,2
2322177,40.4,26.8,33.6,2
2322177,39.5,26.5,34,2
2322177,39.5,26.5,34,2
2322177,39.5,26.5,34,2
2322177,40.4,26.8,33.6,2
2322177,40.4,26.8,33.6,2
2322177,39.5,26.5,34,2
2322177,39.5,26.5,34,2
2322177,39.5,26.5,34,2
2322177,39.5,26.5,34,2
2322177,39.5,26.5,34,2
2322177,39.5,26.5,34,2
2322177,39.5,26.5,34,2
2322177,39.5,26.5,34,2
2322177,39.5,26.5,34,2
2322177,39.5,26.5,34,2
2322177,19.4,13.6,11.7,2
2322177,28.6,18.5,16.1,2
2322177,50,30,28,0
2322177,22.2,22,21.9,2
2322177,25.1,14.8,12.7,2
2322177,22.2,22,21.9,2
2322177,22.2,22,21.9,2
2322177,22.2,22,21.9,2
2322177,45.5,27.5,18,1
2322177,40.4,27.2,33.7,2
2322177,45.5,27.5,25,1
2322177,56.9,29.7,37.3,2
2322177,21.1,14.8,17.7,2
2322177,42.1,31.4,26.1,2
2322177,40.4,27.2,33.7,2
2322177,56.9,29.7,37.3,2
2322177,56.9,29.7,37.3,2
2322177,22.2,22,21.9,2
2322177,42.1,31.4,26.1,2
2322177,52.8,27.3,15.3,2
2322177,22.2,22,21.9,2
2322177,50.2,25.7,34.4,2
2322177,56.9,29.7,37.3,2
2322177,19.3,13.8,11.6,2
2322177,27,37,33,2
2322177,40.4,26.8,33.6,2
2322177,22.2,22,21.9,2
2322177,27,37,33,2
2322177,50,30,18,0
2322177,22.2,22,21.9,2
2322177,45.5,27.5,18,1
2322177,22.2,22,21.9,2
2322177,30.2,23.2,19.3,2
2322177,45.5,27.5,25,1
2322177,56.9,29.7,37.3,2
2322177,22.2,22,21.9,2
2322177,30.2,23.2,19.3,2
2322177,22.2,22,21.9,2
2322177,50,30,28,0
2322177,50,30,28,0
2322177,50,30,18,0
2322177,50,30,28,0
2322177,50,30,18,0
2322177,45.5,27.5,18,1
2322177,50,30,28,0
2322177,45.5,27.5,18,1
2322177,50,30,28,0
2322177,50,30,18,0
2322177,45.5,27.5,25,1
2322177,45.5,27.5,25,1
2322177,45.5,27.5,18,1
2322177,50,30,28,0
2322177,50,30,28,0
2322177,50,30,28,0
2322177,50,30,18,0
2290314,45.5,27.5,25,1
2290314,45.5,27.5,18,1
2290314,50,30,28,0
2290314,45.5,27.5,25,1
2290314,50,30,18,0
2290314,45.5,27.5,25,1
2290314,45.5,27.5,25,1
2290314,45.5,27.5,18,1
2290314,50,30,28,0
2290314,23.2,15.3,23.3,2
2290314,23.2,15.3,23.3,2
2290314,50,30,28,0
2290314,26.5,20.5,17,2
2290314,26.5,20.5,17,2
2290314,23,13.7,20.2,2
2290314,26.5,20.5,17,2
2290314,50,30,28,0
2290314,13.1,11.4,19.6,2
2290314,23.1,15.6,23.3,2
2290314,20.8,17.1,21.7,2
2290314,34.2,14.6,16.9,2
2290314,50,30,28,0
2290314,42.8,33.2,19.6,2
2290314,20.8,17.1,21.7,2
2290314,40.7,30.6,20.6,2
2290314,50,30,18,0
2290314,50,30,28,0
2290314,50,30,28,0
2290314,45.2,33.9,19.3,2
2290314,45.5,27.5,25,1
2290314,50,30,28,0
2290314,50,30,18,0
2290314,45.2,33.9,19.3,2
2290314,45.5,27.5,25,1
2290314,50,30,28,0
2290314,21.8,19.6,24.4,2
2290314,50,30,28,0
2290314,45.2,33.9,19.3,2
2290314,21.8,19.6,24.4,2
2290314,50,30,28,0
2290314,40.4,26.8,33.6,2
2290314,45.5,27.5,25,1
2290314,50,30,28,0
2290314,45.5,27.5,18,1
2290314,13.2,11.5,19.9,2
2290314,19.3,12.8,11.9,2
2290314,45.5,27.5,18,1
2290314,21,16.6,21.8,2
2290314,45.5,27.5,25,1
2290314,45.5,27.5,18,1
2290314,50,30,28,0
2290314,36,18.3,11.9,2
2290314,45.5,27.5,18,1
2290314,33,13.7,17.7,2
2290314,50,30,28,0
2290314,50,30,18,0
2290314,50,30,18,0
2290314,21,16.7,21.7,2
2290314,50,30,18,0
2290314,50,30,28,0
2290314,30.2,23.2,19.3,2
2290314,24,42,25.2,2
2290314,39.8,26.4,33.8,2
2290314,45.5,27.5,18,1
2290314,45.5,27.5,18,1
2290314,21.8,19.6,24.4,2
2290314,45.5,27.5,18,1
2290314,45.5,27.5,18,1
2290314,45.5,27.5,25,1
2290314,45.5,27.5,25,1
2290314,45.5,27.5,18,1
2290314,45.5,27.5,25,1
2290314,45.5,27.5,25,1
2290314,45.5,27.5,18,1
2322154,21,16.8,21.8,2
2322154,42.8,29.7,14.7,2
2322154,17.7,16.2,14.7,2
2322154,16.3,14.6,17.8,2
2322154,7.5,17,26.5,2
2322154,7.5,17,26.5,2
2322154,13.1,11.5,19.7,2
2322154,52.8,27.3,15.3,2
2322154,42.8,29.7,14.7,2
2322154,16.1,14.1,18,2
2322154,42.8,29.7,14.7,2
2322154,21.9,16.4,11.3,2
2322154,7.5,17,26.5,2
2322154,52.8,27.3,15.3,2
2322154,25.8,23,23,2
2322154,39.3,15.9,19.5,2
2322154,42.8,29.7,14.7,2
2322154,17.7,16.2,14.7,2
2322154,50,30,28,0
2322154,30.2,23.2,19.3,2
2322154,25.8,23,23,2
2322154,42.8,29.7,14.7,2
2322154,16.3,14.6,17.8,2
2322154,13.2,11.8,19.8,2
2322154,45.5,27.5,25,1
2322154,45.5,27.5,18,1
2322154,45.5,27.5,25,1
2322154,45.5,27.5,25,1
2322154,45.5,27.5,25,1
2322154,50,30,18,0
2322154,45.5,27.5,18,1
2322154,50,30,18,0
2322154,45.5,27.5,25,1
2322154,50,30,28,0
2322154,50,30,28,0
2322154,50,30,18,0
2322154,45.5,27.5,25,1
2322154,45.5,27.5,18,1
2322154,45.5,27.5,18,1
2322154,45.5,27.5,18,1
2322154,45.5,27.5,18,1
2322154,50,30,28,0
2322154,45.5,27.5,25,1
2322154,45.5,27.5,18,1
2322154,16,11.9,10.2,2
2322154,45.5,27.5,18,1
2322154,50,30,28,0
2322154,45.5,27.5,25,1
2322154,45.5,27.5,25,1
2322154,50,30,18,0
2322154,50,30,28,0
2322154,50,30,28,0
2322154,50,30,28,0
2322154,45.5,27.5,25,1
2322154,45.5,27.5,25,1
2322154,45.5,27.5,25,1
2322154,45.5,27.5,25,1
2322154,45.5,27.5,25,1
2322154,50,30,28,0
2322154,45.5,27.5,18,1
2322154,40.7,30.9,20.2,2
2322154,56.9,29.7,37.3,2
2322154,33,13.7,17.7,2
2322154,13.1,11.4,19.6,2
2322154,33,13.7,17.7,2
2322154,13.1,11.4,19.6,2
2322154,19.3,12.8,11.9,2
2322154,19.3,12.8,11.9,2
2322154,23,13.7,20.2,2
2322154,19.3,12.8,11.9,2
2322154,56.9,29.7,37.3,2
2322154,30.5,24.5,22,2
2322154,13.2,11.8,19.8,2
2322154,30.5,24.5,22,2
2291375,13.2,11.5,19.9,2
2291375,13.2,11.5,19.9,2
2291375,52.8,27.3,15.3,2
2291375,13.2,11.5,19.9,2
2291375,40.4,27.2,33.7,2
2291375,40.4,27.2,33.7,2
2291375,28.6,18.5,16.1,2
2291375,52.8,27.3,15.3,2
2291375,28.6,18.5,16.1,2
2291375,28.6,18.5,16.1,2
2291375,56.7,29.2,37.3,2
2291375,45.5,27.5,25,1
2291375,23.2,19.6,13.9,2
2291375,17.7,16.2,14.7,2
2291375,16.1,14.1,18,2
2291375,40.4,26.8,33.6,2
2291375,30.5,24.5,22,2
2291375,25,18.7,15.8,2
2291375,25,18.7,15.8,2
2291375,38,29.3,24.4,2
2291375,25,18.7,15.8,2
2291375,13.1,11.5,19.7,2
2291375,13.1,11.5,19.7,2
2291375,13.1,11.5,19.7,2
2291375,22.2,22,21.9,2
2291375,22.2,22,21.9,2
2291375,22.2,22,21.9,2
2291375,22.2,22,21.9,2
2291375,22.2,22,21.9,2
2291375,38.2,25,11.3,2
2291375,38.2,24.8,11.2,2
2291375,41.1,31.4,26,2
2291375,21.1,15.6,13.5,2
2291375,16.3,14.6,17.8,2
2291375,38.2,24.8,11.2,2
2291375,38.2,24.8,11.2,2
2291375,38.2,24.8,11.2,2
2291375,38.2,25,11.3,2
2291375,40.7,30.6,20.6,2
2291375,21.1,15.6,13.5,2
2291375,41.1,31.4,26,2
2291375,38.2,24.8,11.2,2
2291375,31.5,42,25.5,2
2291375,21.5,15.8,13.4,2
2291375,21.5,15.8,13.4,2
2291375,42.1,31.4,26.1,2
2291375,39.5,26.5,34,2
2291375,42.1,31.4,26.1,2
2291375,42.1,31.4,26.1,2
2291375,35.6,28.7,23.6,2
2291375,21.1,15.6,13.5,2
2291375,39.5,26.5,34,2
2291375,35.6,28.7,23.6,2
2291375,39.5,26.5,34,2
2291375,39.5,26.5,34,2
2291375,39.5,26.5,34,2
2291375,39.5,26.5,34,2
2291375,21.5,15.8,13.4,2
2291375,23.2,19.6,13.9,2
2291375,50,30,28,0
2291375,50,30,28,0
2291375,45.5,27.5,25,1
2291375,50,30,18,0
2291375,50,30,28,0
2291375,50,30,28,0
2291375,45.5,27.5,18,1
2291375,50,30,18,0
2291375,50,30,28,0
2291375,50,30,18,0
2291375,45.5,27.5,25,1
2291375,45.5,27.5,18,1
2291375,45.5,27.5,18,1
2291375,45.5,27.5,18,1
2291375,50,30,28,0
2330159,45.5,27.5,25,1
2330159,50,30,28,0
2330159,50,30,28,0
2330159,50,30,18,0
2330159,50,30,18,0
2330159,50,30,28,0
2330159,50,30,28,0
2330159,50,30,28,0
2330159,50,30,28,0
2330159,50,30,28,0
2330159,50,30,18,0
2330159,50,30,18,0
2330159,45.5,27.5,25,1
2330159,45.5,27.5,25,1
2330159,45.5,27.5,25,1
2330159,45.5,27.5,18,1
2330159,50,30,28,0
2330159,50,30,18,0
2330159,50,30,28,0
2330159,45.5,27.5,18,1
2330159,45.5,27.5,18,1
2330159,50,30,18,0
2330159,45.5,27.5,18,1
2330159,45.5,27.5,18,1
2330159,50,30,18,0
2330159,50,30,18,0
2330159,50,30,28,0
2330159,50,30,18,0
2330159,50,30,18,0
2330159,50,30,18,0
2330159,45.5,27.5,18,1
2330159,45.5,27.5,25,1
2330159,50,30,28,0
2330159,50,30,28,0
2330159,26.5,20.5,17,2
2330159,34.2,14.6,16.9,2
2330159,45.5,27.5,18,1
2330159,25,18.7,15.8,2
2330159,20.8,16.5,22,2
2330159,25,18.7,15.8,2
2330159,26.5,20.5,17,2
2330159,34.2,14.6,16.9,2
2330159,25,18.7,15.8,2
2330159,50,30,28,0
2330159,34.2,14.6,16.9,2
2330159,50,30,28,0
2330159,26.5,20.5,17,2
2330159,39.5,26.5,34,2
2330159,50,30,28,0
2330159,26.5,20.5,17,2
2330159,25,18.7,15.8,2
2330159,39.5,26.5,34,2
2330159,26.5,20.5,17,2
2330159,25,18.7,15.8,2
2330159,26.5,20.5,17,2
2330159,50,30,28,0
2330159,26.5,20.5,17,2
2330159,25,18.7,15.8,2
2330159,26.5,20.5,17,2
2330159,50,30,28,0
2330159,39.5,26.5,34,2
2330159,50,30,18,0
2330159,39.5,26.5,34,2
2330159,26.5,20.5,17,2
2330159,49,26,26.5,2
2330159,26.5,20.5,17,2
2330159,26.5,20.5,17,2
2330159,34.2,14.6,16.9,2
2330159,26.5,20.5,17,2
2330159,26.5,20.5,17,2
2330159,39.5,26.5,34,2
2330159,34.2,14.6,16.9,2
2330159,50,30,28,0
2330159,25,18.7,15.8,2
2322202,34.2,14.6,16.9,2
2322202,26.5,20.5,17,2
2322202,45.5,27.5,18,1
2322202,34.2,14.6,16.9,2
2322202,26.5,20.5,17,2
2322202,25,18.7,15.8,2
2322202,34.2,14.6,16.9,2
2322202,34.2,14.6,16.9,2
2322202,25,18.7,15.8,2
2322202,39.5,26.5,34,2
2322202,26.5,20.5,17,2
2322202,45.5,27.5,25,1
2322202,39.5,26.5,34,2
2322202,39.5,26.5,34,2
2322202,34.2,14.6,16.9,2
2322202,25,18.7,15.8,2
2322202,26.5,20.5,17,2
2322202,34.2,14.6,16.9,2
2322202,39.5,26.5,34,2
2322202,50,30,28,0
2322202,40.4,26.8,33.6,2
2322202,40.4,26.8,33.6,2
2322202,40.4,26.8,33.6,2
2322202,40.4,26.8,33.6,2
2322202,40.4,26.8,33.6,2
2322202,40.4,26.8,33.6,2
2322202,42.1,31.4,26.1,2
2322202,62.2,40.5,24.6,2
2322202,45.5,27.5,25,1
2322202,40.4,26.8,33.6,2
2322202,40.4,26.8,33.6,2
2322202,40.4,26.8,33.6,2
2322202,40.4,26.8,33.6,2
2322202,40.4,26.8,33.6,2
2322202,25.9,14,13.3,2
2322202,42.1,31.4,26.1,2
2322202,17.7,16,14.8,2
2322202,40.4,26.8,33.6,2
2322202,40.4,26.8,33.6,2
2322202,40.4,26.8,33.6,2
2322202,34.5,14.5,14.5,2
2322202,34.5,14.5,14.5,2
2322202,34.5,14.5,14.5,2
2322202,34.5,14.5,14.5,2
2322202,45.5,27.5,18,1
2322202,34.5,24.3,23.1,2
2322202,21.8,19.8,24.2,2
2322202,21.8,19.8,24.2,2
2322202,34.5,14.5,14.5,2
2322202,34.5,14.5,14.5,2
2322202,34.5,14.5,14.5,2
2322202,34.5,14.5,14.5,2
2322202,34.5,14.5,14.5,2
2322202,32,25,22.9,2
2322202,32,25,22.9,2
2322202,45.5,27.5,25,1
2322202,32,25,22.9,2
2322202,45.5,27.5,25,1
2322202,32,25,22.9,2
2322202,32,25,22.9,2
2322202,32,25,22.9,2
2322202,32,25,22.9,2
2322202,34.2,14.6,16.9,2
2322202,34.5,14.5,14.5,2
2322202,32,25,22.9,2
2322202,32,25,22.9,2
2322202,32,25,22.9,2
2322202,26.5,20.5,17,2
2322202,26.5,20.5,17,2
2322202,26.5,20.5,17,2
2322202,50.2,25.7,34.4,2
2322202,39.5,26.5,34,2
2322202,30.2,23.2,19.3,2
2322202,22.2,22,21.9,2
2322173,39.5,26.5,34,2
2322173,16.3,14.6,17.8,2
2322173,27.3,21.3,23.8,2
2322173,40.7,30.9,20.2,2
2322173,25,16.4,9.1,2
2322173,18.7,13,12,2
2322173,21.8,19.6,24.4,2
2322173,23.2,15,11.1,2
2322173,22.2,22,21.9,2
2322173,39.5,26.5,34,2
2322173,16.1,14.1,18,2
2322173,39.8,26.4,33.8,2
2322173,27,40,35,2
2322173,27,40,35,2
2322173,27,40,35,2
2322173,27,40,35,2
2322173,39.8,26.4,33.8,2
2322173,27,40,35,2
2322173,21.1,14.8,17.7,2
2322173,33,13.7,17.7,2
2322173,27,40,35,2
2322173,56.9,29.7,37.3,2
2322173,13.2,11.4,19.3,2
2322173,52.8,27.3,15.3,2
2322173,39.8,26.4,33.8,2
2322173,39.8,26.4,33.8,2
2322173,27,40,35,2
2322173,27,40,35,2
2322173,27,40,35,2
2322173,27,40,35,2
2322173,27,40,35,2
2322173,27,40,35,2
2322173,24.5,16.7,17.1,2
2322173,24.5,16.7,17.1,2
2322173,24.5,16.7,17.1,2
2322173,24.5,16.7,17.1,2
2322173,24.5,16.7,17.1,2
2322173,24.5,16.7,17.1,2
2322173,24.5,16.7,17.1,2
2322173,24.5,16.7,17.1,2
2322173,24.5,16.7,17.1,2
2322173,16.3,14.5,17.9,2
2322173,24.5,16.7,17.1,2
2322173,40.4,27.2,33.7,2
2322173,40.4,27.2,33.7,2
2322173,21.8,19.5,24.5,2
2322173,21.8,19.6,24.4,2
2322173,21.8,19.5,24.5,2
2322173,21.8,19.6,24.4,2
2322173,39.5,26.5,34,2
2322173,21.8,19.6,24.4,2
2322173,39.8,26.4,33.8,2
2322173,39.8,26.4,33.8,2
2322173,40.4,27.2,33.7,2
2322173,21.8,19.5,24.5,2
2322173,21.8,19.5,24.5,2
2322173,21.8,19.6,24.4,2
2322173,21.8,19.5,24.5,2
2322173,21.8,19.5,24.5,2
2322173,21.8,19.6,24.4,2
2322173,21.8,19.6,24.4,2
2322173,26.5,20.5,17,2
2322173,27,37,33,2
2322173,27,37,33,2
2322173,21.8,19.5,24.5,2
2322173,21.8,19.5,24.5,2
2322173,21.8,19.6,24.4,2
2322173,39.5,26.5,34,2
2322173,28,9.5,22.5,2
2322173,28,9.5,22.5,2
2322173,34.5,24.6,18.7,2
2322173,21.8,19.6,24.4,2
2322173,35,29,19,2
2322173,35,29,19,2
2322219,28,9.5,22.5,2
2322219,36.2,24.2,16.5,2
2322219,36.2,24.2,16.5,2
2322219,36.9,32,17.1,2
2322219,28,9.5,22.5,2
2322219,28,9.5,22.5,2
2322219,21.8,19.6,24.4,2
2322219,39.5,26.5,34,2
2322219,28,9.5,22.5,2
2322219,36.2,24.2,16.5,2
2322219,36.9,32,17.1,2
2322219,27,40,35,2
2322219,39.8,26.4,33.8,2
2322219,21.8,19.6,24.4,2
2322219,40.4,27.2,33.7,2
2322219,40.4,27.2,33.7,2
2322219,21.8,19.5,24.5,2
2322219,21.8,19.5,24.5,2
2322219,21.8,19.6,24.4,2
2322219,35,29,19,2
2322219,35,29,19,2
2322219,39.5,26.5,34,2
2322219,33,13.7,17.7,2
2322219,21.8,19.6,24.4,2
2322219,21.8,19.5,24.5,2
2322219,35,29,19,2
2322219,35,29,19,2
2322219,39.5,26.5,34,2
2322219,39.5,26.5,34,2
2322219,39.5,26.5,34,2
2322219,56.7,29.2,37.3,2
2322219,21.8,19.6,24.4,2
2322219,40.4,26.8,33.6,2
2322219,27,37,33,2
2322219,41.8,31.5,25.9,2
2322219,36.2,24.2,16.5,2
2322219,36.9,32,17.1,2
2322219,36.9,32,17.1,2
2322219,39.5,26.5,34,2
2322219,21.8,19.6,24.4,2
2322219,21.8,19.6,24.4,2
2322219,39.5,26.5,34,2
2322219,39.5,26.5,34,2
2322219,39.5,26.5,34,2
2322219,39.5,26.5,34,2
2322219,39.5,26.5,34,2
2322219,39.5,26.5,34,2
2322219,39.5,26.5,34,2
2322219,28,9.5,22.5,2
2322219,26.5,20.5,17,2
2322219,22.2,22,21.9,2
2322219,26.5,20.5,17,2
2322219,39.5,26.5,34,2
2322219,22.2,22,21.9,2
2322219,38.5,20.1,18.6,2
2322219,38.5,20.1,18.6,2
2322219,39.5,26.5,34,2
2322219,38.5,20.1,18.6,2
2322219,22.2,22,21.9,2
2322219,14.5,12.5,23,2
2322219,17.7,16,14.7,2
2322219,39.5,26.5,34,2
2322219,38.9,27.7,27.9,2
2322219,38.9,27.7,27.9,2
2322219,38.9,27.7,27.9,2
2322219,42.8,29.7,14.7,2
2322219,33.3,21.1,16.4,2
2322219,14.5,12.5,23,2
2322219,22.2,22,21.9,2
2322219,22.2,22,21.9,2
2322219,38.9,29,27.4,2
2322219,38.9,29,27.4,2
2322219,33.6,33.6,24.6,2
2322219,37.9,23.5,18.9,2
2322218,33.6,33.6,24.6,2
2322218,25,18.7,15.8,2
2322218,25,18.7,15.8,2
2322218,45.5,27.5,25,1
2322218,45.5,27.5,25,1
2322218,50,30,28,0
2322218,45.5,27.5,25,1
2322218,45.5,27.5,18,1
2322218,45.5,27.5,18,1
2322218,50,30,28,0
2322218,50,30,28,0
2322218,50,30,28,0
2322218,45.5,27.5,18,1
2322218,50,30,28,0
2322218,50,30,28,0
2322218,45.5,27.5,25,1
2322218,50,30,18,0
2322218,50,30,28,0
2322218,45.5,27.5,18,1
2322218,45.5,27.5,18,1
2322218,45.5,27.5,25,1
2322218,45.5,27.5,25,1
2322218,45.5,27.5,18,1
2322218,45.5,27.5,18,1
2322218,50,30,28,0
2322218,50,30,18,0
2322218,50,30,28,0
2322218,45.5,27.5,18,1
2322218,50,30,28,0
2322218,31.5,42,25.5,2
2322218,45.5,27.5,25,1
2322218,23,22.4,16.5,2
2322218,34.2,14.6,16.9,2
2322218,40.4,27.2,33.7,2
2322218,40.4,27.2,33.7,2
2322218,40.4,27.2,33.7,2
2322218,18.7,14.2,15.4,2
2322218,42.7,29.6,12.2,2
2322218,21.6,16.1,21.5,2
2322218,27,37,33,2
2322218,41.8,31.5,25.9,2
2322218,41.8,31.5,25.9,2
2322218,42.8,29.7,14.7,2
2322218,45.5,27.5,25,1
2322218,33,13.7,17.7,2
2322218,33,13.7,17.7,2
2322218,40.4,26.8,33.6,2
2322218,42.1,31.4,26.1,2
2322218,42.1,31.4,26.1,2
2322218,42.1,31.4,26.1,2
2322218,42.1,31.4,26.1,2
2322218,42.1,31.4,26.1,2
2322218,42.1,31.4,26.1,2
2322218,42.1,31.4,26.1,2
2322218,50,30,28,0
2322218,50,30,28,0
2322218,50,30,28,0
2322218,50,30,28,0
2322218,50,30,28,0
2322218,50,30,18,0
2322218,50,30,28,0
2322218,50,30,28,0
2322218,50,30,28,0
2322218,42.8,29.7,14.7,2
2322218,39.5,26.5,34,2
2322218,45.5,27.5,18,1
2322218,45.5,27.5,25,1
2322218,45.5,27.5,18,1
2322218,20.6,14.6,17,2
2322218,45.5,27.5,25,1
2322218,39.5,26.5,34,2
2322218,45.5,27.5,18,1
2322218,39.8,26.4,33.8,2
2322218,27,40,35,2
2322185,45.5,27.5,25,1
2322185,39.5,26.5,34,2
2322185,45.5,27.5,25,1
2322185,45.5,27.5,18,1
2322185,39.5,26.5,34,2
2322185,45.5,27.5,25,1
2322185,39.5,26.5,34,2
2322185,39.5,26.5,34,2
2322185,19.5,15.8,19.5,2
2322185,27,40,35,2
2322185,39.5,26.5,34,2
2322185,39.5,26.5,34,2
2322185,42.8,29.7,14.7,2
2322185,27,40,35,2
2322185,39.5,26.5,34,2
2322185,27,40,35,2
2322185,27,40,35,2
2322185,39.5,26.5,34,2
2322185,39.5,26.5,34,2
2322185,39.5,26.5,34,2
2322185,39.5,26.5,34,2
2322185,42.8,29.7,14.7,2
2322185,39.8,26.4,33.8,2
2322185,27,40,35,2
2322185,39.5,26.5,34,2
2322185,39.8,26.4,33.8,2
2322185,42.8,29.7,14.7,2
2322185,39.5,26.5,34,2
2322185,39.5,26.5,34,2
2322185,39.5,26.5,34,2
2322185,39.5,26.5,34,2
2322185,45.5,27.5,25,1
2322185,45.5,27.5,18,1
2322185,39.5,26.5,34,2
2322185,45.5,27.5,25,1
2322185,31.5,18.9,12.1,2
2322185,40.4,26.8,33.6,2
2322185,42.1,31.4,26.1,2
2322185,40.4,26.8,33.6,2
2322185,45.5,27.5,18,1
2322185,21.5,15.8,13.4,2
2322185,34.7,24.5,18.8,2
2322185,40.4,26.8,33.6,2
2322185,40.4,26.8,33.6,2
2322185,39.8,26.4,33.8,2
2322185,27,40,35,2
2322185,21.5,15.8,13.4,2
2322185,21.5,15.8,13.4,2
2322185,34.7,24.5,18.8,2
2322185,34.7,24.5,18.8,2
2322185,40.4,26.8,33.6,2
2322185,40.4,26.8,33.6,2
2322185,42.1,31.4,26.1,2
2322185,34.7,24.5,18.8,2
2322185,34.7,24.5,18.8,2
2322185,42.1,31.4,26.1,2
2322185,42.1,31.4,26.1,2
2322185,40.4,26.8,33.6,2
2322185,42.1,31.4,26.1,2
2322185,34.7,24.5,18.8,2
2322185,34.7,24.5,18.8,2
2322185,40.4,27.2,33.7,2
2322185,40.4,26.8,33.6,2
2322185,42.1,31.4,26.1,2
2322185,21.5,15.8,13.4,2
2322185,18.4,13.8,9.6,2
2322185,27,40,35,2
2322185,21.5,15.8,13.4,2
2322185,20.8,17.8,18.2,2
2322185,22.2,22,21.9,2
2322185,39.8,26.4,33.8,2
2322185,40.4,27.2,33.7,2
2322185,17.7,16,14.7,2
2322185,40.3,26.9,33.5,2
2322226,40.3,26.9,33.5,2
2322226,17.7,16,14.8,2
2322226,40.3,26.9,33.5,2
2322226,27,37,33,2
2322226,41.8,31.5,25.9,2
2322226,45.5,27.5,25,1
2322226,45.5,27.5,18,1
2322226,45.5,27.5,25,1
2322226,45.5,27.5,25,1
2322226,45.5,27.5,25,1
2322226,45.5,27.5,25,1
2322226,45.5,27.5,25,1
2322226,19.7,13.3,8.5,2
2322226,42.1,31.4,26.1,2
2322226,45.5,27.5,25,1
2322226,45.5,27.5,18,1
2322226,45.5,27.5,25,1
2322226,45.5,27.5,25,1
2322226,42.8,29.7,14.7,2
2322226,45.5,27.5,25,1
2322226,45.5,27.5,25,1
2322226,42.7,29.6,12.2,2
2322226,19.7,13.2,8.2,2
2322226,45.5,27.5,18,1
2322226,25,18.7,15.8,2
2322226,45.5,27.5,18,1
2322226,42.7,29.6,12.2,2
2322226,50,30,28,0
2322226,50,30,28,0
2322226,50,30,28,0
2322226,50,30,28,0
2322226,50,30,28,0
2322226,50,30,28,0
2322226,12.5,8.5,18.8,2
2322226,21.5,15.8,13.4,2
2322226,21.5,15.8,13.4,2
2322226,21.8,19.6,24.4,2
2322226,50,30,28,0
2322226,13.9,9,15.6,2
2322226,28.6,18.5,16.1,2
2322226,50,30,18,0
2322226,50,30,28,0
2322226,42.8,29.7,14.7,2
2322226,42.8,29.7,14.7,2
2322226,50,30,28,0
2322226,50,30,28,0
2322226,50,30,18,0
2322226,50,30,28,0
2322226,50,30,18,0
2322226,50,30,28,0
2322226,50,30,18,0
2322226,50,30,18,0
2322226,50,30,28,0
2322226,21.1,15.6,13.5,2
2322226,21.1,15.6,13.5,2
2322226,50,30,18,0
2322226,45.5,27.5,25,1
2322226,42.8,29.7,14.7,2
2322226,16.8,13.6,9.9,2
2322226,45.5,27.5,25,1
2322226,45.5,27.5,18,1
2322226,45.5,27.5,18,1
2322226,50,30,18,0
2322226,45.5,27.5,25,1
2322226,45.5,27.5,18,1
2322226,50,30,28,0
2322226,45.5,27.5,18,1
2322226,45.5,27.5,18,1
2322226,45.5,27.5,25,1
2322226,45.5,27.5,25,1
2322226,45.5,27.5,25,1
2322226,45.5,27.5,25,1
2322226,45.5,27.5,25,1
2322226,45.5,27.5,18,1
2322250,45.5,27.5,18,1
2322250,45.5,27.5,18,1
2322250,45.5,27.5,18,1
2322250,45.5,27.5,25,1
2322250,45.5,27.5,18,1
2322250,45.5,27.5,18,1
2322250,45.5,27.5,25,1
2322250,45.5,27.5,25,1
2322250,45.5,27.5,18,1
2322250,45.5,27.5,25,1
2322250,45.5,27.5,18,1
2322250,45.5,27.5,18,1
2322250,45.5,27.5,25,1
2322250,45.5,27.5,25,1
2322250,45.5,27.5,18,1
2322250,45.5,27.5,18,1
2322250,45.5,27.5,18,1
2322250,45.5,27.5,18,1
2322250,45.5,27.5,18,1
2322250,45.5,27.5,18,1
2322250,45.5,27.5,18,1
2322250,45.5,27.5,25,1
2322250,45.5,27.5,25,1
2322250,45.5,27.5,18,1
2322250,45.5,27.5,18,1
2322250,45.5,27.5,18,1
2322250,45.5,27.5,25,1
2322250,45.5,27.5,25,1
2322250,45.5,27.5,25,1
2322250,45.5,27.5,25,1
2322250,45.5,27.5,18,1
2322250,45.5,27.5,18,1
2322250,45.5,27.5,18,1
2322250,45.5,27.5,25,1
2322250,45.5,27.5,25,1
2322250,45.5,27.5,25,1
2322250,45.5,27.5,18,1
2322250,45.5,27.5,18,1
2322250,45.5,27.5,25,1
2322250,45.5,27.5,18,1
2322250,45.5,27.5,25,1
2322250,45.5,27.5,18,1
2322250,45.5,27.5,25,1
2322250,45.5,27.5,25,1
2322250,45.5,27.5,25,1
2322250,45.5,27.5,18,1
2322250,45.5,27.5,25,1
2322250,45.5,27.5,25,1
2322250,17.7,16,14.8,2
2322250,45.5,27.5,18,1
2322250,50,30,28,0
2322250,38.5,25.5,34.7,2
2322250,28.6,18.5,16.1,2
2322250,45.5,27.5,18,1
2322250,45.5,27.5,18,1
2322250,45.5,27.5,25,1
2322250,50,30,18,0
2322250,53.1,23.1,27.8,2
2322250,53.1,23.1,27.8,2
2322250,45.5,27.5,18,1
2322250,50,30,18,0
2322250,50,30,28,0
2322250,50,30,18,0
2322250,50,30,28,0
2322250,53.1,23.1,27.8,2
2322250,38.5,25.5,34.7,2
2322250,50,30,18,0
2322250,53.1,23.1,27.8,2
2322250,53.1,23.1,27.8,2
2322250,53.1,23.1,27.8,2
2322250,50,30,28,0
2322250,53.1,23.1,27.8,2
2322250,38.5,25.5,34.7,2
2322250,45.5,27.5,18,1
2322238,53.1,23.1,27.8,2
2322238,45.5,27.5,25,1
2322238,53.1,23.1,27.8,2
2322238,50,30,18,0
2322238,50,30,18,0
2322238,50,30,18,0
2322238,42.1,31.4,26.1,2
2322238,40.4,26.8,33.6,2
2322238,40.4,26.8,33.6,2
2322238,40.4,26.8,33.6,2
2322238,45.5,27.5,25,1
2322238,50,30,28,0
2322238,45.5,27.5,25,1
2322238,45.5,27.5,25,1
2322238,45.5,27.5,25,1
2322238,40.4,26.8,33.6,2
2322238,50,30,28,0
2322238,50,30,18,0
2322238,28.6,18.5,16.1,2
2322238,50,30,28,0
2322238,50,30,28,0
2322238,50,30,28,0
2322238,19.9,18.2,20.6,2
2322238,19.9,18.2,20.6,2
2322238,28,15.7,17.5,2
2322238,21.1,15.6,13.6,2
2322238,52.7,39.3,30.2,2
2322238,39.8,26.4,33.8,2
2322238,38.2,24.8,11.2,2
2322238,19.9,18.2,20.6,2
2322238,19.9,18.2,20.6,2
2322238,22.6,19.5,11.2,2
2322238,52.7,39.3,30.2,2
2322238,27,40,35,2
2322238,19.9,18.2,20.6,2
2322238,38.2,24.8,11.2,2
2322238,38.8,25.6,22.8,2
2322238,39.8,26.4,33.8,2
2322238,17.7,16,14.7,2
2322238,40.4,26.8,33.6,2
2322238,38.2,24.8,11.2,2
2322238,22.6,19.5,11.2,2
2322238,27,40,35,2
2322238,13.5,12.3,18.9,2
2322238,38.2,24.8,11.2,2
2322238,38.2,24.8,11.2,2
2322238,21.1,14.8,17.7,2
2322238,39.8,26.4,33.8,2
2322238,22.6,19.5,11.2,2
2322238,38.2,24.8,11.2,2
2322238,27,40,35,2
2322238,39.8,26.4,33.8,2
2322238,50,30,28,0
2322238,44.4,22.2,16,2
2322238,25,18.7,15.8,2
2322238,21,16.7,21.9,2
2322238,21,16.7,21.9,2
2322238,21,16.7,21.9,2
2322238,41.8,31,26.2,2
2322238,25,18.7,15.8,2
2322238,25,18.7,15.8,2
2322238,25,18.7,15.8,2
2322238,25,18.7,15.8,2
2322238,25,18.7,15.8,2
2322238,25,18.7,15.8,2
2322238,26.1,26,15.9,2
2322238,26.1,26,15.9,2
2322238,26.1,26,15.9,2
2322238,38.2,25,11.3,2
2322238,35.8,28.6,23.7,2
2322238,38.2,25,11.3,2
2322238,38.2,25,11.3,2
2322238,36.2,15.3,21.5,2
2322238,38.2,25,11.3,2
2322247,38.2,25,11.3,2
2322247,38.2,25,11.3,2
2322247,48.5,23.5,19.8,2
2322247,39.5,26.5,34,2
2322247,38.2,25,11.3,2
2322247,25,16.4,9.1,2
2322247,33.9,15.5,17.6,2
2322247,39.5,26.5,34,2
2322247,39.5,26.5,34,2
2322247,38.2,25,11.3,2
2322247,38.7,24.7,23.3,2
2322247,38.2,25,11.3,2
2322247,40.7,30.6,20.6,2
2322247,38.2,25,11.3,2
2322247,33.9,15.5,17.6,2
2322247,40.7,30.6,20.6,2
2322247,35.8,28.6,23.7,2
2322247,45.5,27.5,25,1
2322247,16,13.5,21.2,2
2322247,16,13.5,21.2,2
2322247,16,13.5,21.2,2
2322247,33.8,20.7,16.6,2
2322247,27.3,18,10,2
2322247,27,40,35,2
2322247,38.2,25,11.3,2
2322247,28,15.7,17.5,2
2322247,28,15.7,17.5,2
2322247,25,18.7,15.8,2
2322247,50,30,28,0
2322247,39.5,26.5,34,2
2322247,33,13.7,17.7,2
2322247,45.5,27.5,25,1
2322247,16.1,13.5,21.2,2
2322247,36.7,27.8,19.6,2
2322247,16.1,13.5,21.2,2
2322247,36.7,27.8,19.6,2
2322247,36.7,27.8,19.6,2
2322247,36.7,27.8,19.6,2
2322247,38.2,25,11.3,2
2322247,16.1,13.5,21.2,2
2322247,36.7,27.8,19.6,2
2322247,38.5,20.1,18.6,2
2322247,45.5,27.5,25,1
2322247,36.7,27.8,19.6,2
2322247,36.7,27.8,19.6,2
2322247,36.7,27.8,19.6,2
2322247,36.7,27.8,19.6,2
2322247,36.7,27.8,19.6,2
2322247,52.2,23.1,26.9,2
2322247,36.7,27.8,19.6,2
2322247,45.5,27.5,18,1
2322247,33.8,15.7,17.8,2
2322247,33.8,15.7,17.8,2
2322247,50,30,18,0
2322247,45.5,27.5,18,1
2322247,45.5,27.5,25,1
2322247,50,30,28,0
2322247,50,30,18,0
2322247,45.5,27.5,25,1
2322247,45.5,27.5,25,1
2322247,45.5,27.5,25,1
2322247,50,30,28,0
2322247,17.7,16,14.8,2
2322247,50,30,18,0
2322247,50,30,28,0
2322247,45.5,27.5,25,1
2322247,45.5,27.5,25,1
2322247,45.5,27.5,18,1
2322247,45.5,27.5,25,1
2322247,45.5,27.5,25,1
2322247,45.5,27.5,25,1
2322247,45.5,27.5,18,1
2322247,45.5,27.5,18,1
2322247,45.5,27.5,25,1
2322269,50,30,28,0
2322269,45.5,27.5,18,1
2322269,45.5,27.5,18,1
2322269,45.5,27.5,25,1
2322269,45.5,27.5,18,1
2322269,45.5,27.5,25,1
2322269,42.8,29.7,14.7,2
2322269,42.8,29.7,14.7,2
2322269,42.8,29.7,14.7,2
2322269,42.8,29.7,14.7,2
2322269,42.8,29.7,14.7,2
2322269,42.8,29.7,14.7,2
2322269,42.8,29.7,14.7,2
2322269,42.8,29.7,14.7,2
2322269,42.8,29.7,14.7,2
2322269,42.8,29.7,14.7,2
2322269,42.8,29.7,14.7,2
2322269,38,29.3,24.4,2
2322269,42.8,29.7,14.7,2
2322269,42.8,29.7,14.7,2
2322269,42.8,29.7,14.7,2
2322269,42.8,29.7,14.7,2
2322269,42.8,29.7,14.7,2
2322269,42.8,29.7,14.7,2
2322269,42.5,32.1,32.7,2
2322269,42.5,32.1,32.7,2
2322269,42.5,32.1,32.7,2
2322269,42.5,32.1,32.7,2
2322269,42.5,32.1,32.7,2
2322269,42.5,32.1,32.7,2
2322269,42.5,32.1,32.7,2
2322269,42.5,32.1,32.7,2
2322269,42.5,32.1,32.7,2
2322269,42.5,32.1,32.7,2
2322269,42.8,29.7,14.7,2
2322269,17.7,16,14.7,2
2322269,33,13.7,17.7,2
2322269,38.5,25.5,34.7,2
2322269,38.5,25.5,34.7,2
2322269,33,13.7,17.7,2
2322269,20.9,19.9,22.8,2
2322269,35.7,21.8,29.4,2
2322269,31.6,21.2,12.7,2
2322269,42.7,29.6,12.2,2
2322269,42.7,29.6,12.2,2
2322269,42.7,29.6,12.2,2
2322269,42.7,29.6,12.2,2
2322269,42.7,29.6,12.2,2
2322269,42.7,29.6,12.2,2
2322269,42.7,29.6,12.2,2
2322269,42.7,29.6,12.2,2
2322269,42.8,29.7,14.7,2
2322269,42.8,29.7,14.7,2
2322269,42.7,29.6,12.2,2
2322269,42.7,29.6,12.2,2
2322269,50,30,28,0
2322269,50,30,18,0
2322269,50,30,18,0
2322269,50,30,18,0
2322269,50,30,18,0
2322269,50,30,28,0
2322269,50,30,18,0
2322269,50,30,18,0
2322269,50,30,28,0
2322269,50,30,18,0
2322269,50,30,28,0
2322269,50,30,28,0
2322269,50,30,28,0
2322269,50,30,28,0
2322269,50,30,28,0
2322269,50,30,28,0
2322269,50,30,28,0
2322269,50,30,28,0
2322269,50,30,28,0
2322274,50,30,28,0
2322274,50,30,28,0
2322274,50,30,28,0
2322274,50,30,18,0
2322274,50,30,28,0
2322274,50,30,18,0
2322274,50,30,18,0
2322274,45.5,27.5,25,1
2322274,45.5,27.5,25,1
2322274,45.5,27.5,18,1
2322274,45.5,27.5,18,1
2322274,50,30,28,0
2322274,45.5,27.5,25,1
2322274,45.5,27.5,18,1
2322274,45.5,27.5,18,1
2322274,50,30,18,0
2322274,45.5,27.5,25,1
2322274,45.5,27.5,25,1
2322274,45.5,27.5,25,1
2322274,45.5,27.5,25,1
2322274,50,30,28,0
2322274,45.5,27.5,25,1
2322274,45.5,27.5,25,1
2322274,45.5,27.5,25,1
2322274,33,13.7,17.7,2
2322274,33,13.7,17.7,2
2322274,50,30,28,0
2322274,50,30,18,0
2322274,50,30,18,0
2322274,42.8,29.7,14.7,2
2322274,42.8,29.7,14.7,2
2322274,45.5,27.5,25,1
2322274,45.5,27.5,25,1
2322274,50,30,28,0
2322274,33,13.7,17.7,2
2322274,45.5,27.5,18,1
2322274,39.3,15.9,19.5,2
2322274,50,30,28,0
2322274,50,30,18,0
2322274,50,30,28,0
2322274,50,30,18,0
2322274,50,30,28,0
2322274,45.5,27.5,18,1
2322274,50,30,18,0
2322274,50,30,28,0
2322274,50,30,28,0
2322274,50,30,28,0
2322274,50,30,28,0
2322274,50,30,28,0
2322274,50,30,28,0
2322274,39.5,26.5,34,2
2322274,45.5,27.5,25,1
2322274,21.5,15.8,13.4,2
2322274,39.5,26.5,34,2
2322274,50,30,28,0
2322274,21.5,15.8,13.4,2
2322274,45.5,27.5,25,1
2322274,45.5,27.5,25,1
2322274,21.5,15.8,13.4,2
2322274,40.3,26.9,33.5,2
2322274,39.5,26.5,34,2
2322274,40.3,26.9,33.5,2
2322274,45.5,27.5,25,1
2322274,39.5,26.5,34,2
2322274,39.5,26.5,34,2
2322274,39.5,26.5,34,2
2322274,45.5,27.5,18,1
2322274,26.5,20.5,17,2
2322274,39.5,26.5,34,2
2322274,39.5,26.5,34,2
2322274,38.5,25.5,34.7,2
2322274,45.5,27.5,25,1
2322274,39.5,26.5,34,2
2322274,42.1,31.4,26.1,2
2322282,40.4,26.8,33.6,2
2322282,42.1,31.4,26.1,2
2322282,23.1,15.6,23.3,2
2322282,45.5,27.5,25,1
2322282,50,30,28,0
2322282,42.1,31.4,26.1,2
2322282,40.4,26.8,33.6,2
2322282,42.1,31.4,26.1,2
2322282,40.4,26.8,33.6,2
2322282,45.5,27.5,18,1
2322282,25,18.7,15.8,2
2322282,40.4,26.8,33.6,2
2322282,45.5,27.5,18,1
2322282,45.5,27.5,25,1
2322282,45.5,27.5,25,1
2322282,45.5,27.5,25,1
2322282,45.5,27.5,25,1
2322282,45.5,27.5,25,1
2322282,45.5,27.5,25,1
2322282,45.5,27.5,18,1
2322282,45.5,27.5,18,1
2322282,28.6,18.5,16.1,2
2322282,45.5,27.5,18,1
2322282,40.4,26.8,33.6,2
2322282,40.4,26.8,33.6,2
2322282,40.4,26.8,33.6,2
2322282,39.8,26.4,33.8,2
2322282,27,40,35,2
2322282,39.8,26.4,33.8,2
2322282,27,40,35,2
2322282,23.3,15.6,23.2,2
2322282,22.2,22,21.9,2
2322282,27,40,35,2
2322282,22.2,22,21.9,2
2322282,42.7,29.6,12.2,2
2322282,36,18.3,11.9,2
2322282,36,18.3,11.9,2
2322282,36,18.3,11.9,2
2322282,36,18.3,11.9,2
2322282,36,18.3,11.9,2
2322282,40.7,30.9,20.2,2
2322282,36,18.3,11.9,2
2322282,36,18.3,11.9,2
2322282,36,18.3,11.9,2
2322282,36,18.3,11.9,2
2322282,36,18.3,11.9,2
2322282,36,18.3,11.9,2
2322282,36,18.3,11.9,2
2322282,45.5,27.5,25,1
2322282,36,18.3,11.9,2
2322282,36,18.3,11.9,2
2322282,36,18.3,11.9,2
2322282,36,18.3,11.9,2
2322282,36,18.3,11.9,2
2322282,23.2,15.3,23.3,2
2322282,14.5,12.5,23,2
2322282,36,18.3,11.9,2
2322282,36,18.3,11.9,2
2322282,36,18.3,11.9,2
2322282,36,18.3,11.9,2
2322282,36,18.3,11.9,2
2322282,36,18.3,11.9,2
2322282,36,18.3,11.9,2
2322282,42.8,29.7,14.7,2
2322282,20.5,15.7,22.5,2
2322282,50,30,28,0
2322282,41.9,38,28.2,2
2322282,56.9,29.7,37.3,2
2322282,27,40,35,2
2322282,27,40,35,2
2322282,39.8,26.4,33.8,2
2322282,27,40,35,2
2322282,45.5,27.5,18,1
2322282,45.5,27.5,18,1
2320486,45.5,27.5,18,1
2320486,45.5,27.5,18,1
2320486,45.5,27.5,25,1
2320486,45.5,27.5,25,1
2320486,45.5,27.5,18,1
2320486,50,30,28,0
2320486,45.5,27.5,18,1
2320486,45.5,27.5,25,1
2320486,45.5,27.5,25,1
2320486,45.5,27.5,18,1
2320486,45.5,27.5,25,1
2320486,50,30,28,0
2320486,45.5,27.5,25,1
2320486,50,30,28,0
2320486,45.5,27.5,25,1
2320486,45.5,27.5,18,1
2320486,45.5,27.5,25,1
2320486,50,30,28,0
2320486,50,30,28,0
2320486,45.5,27.5,18,1
2320486,45.5,27.5,25,1
2320486,45.5,27.5,25,1
2320486,45.5,27.5,18,1
2320486,45.5,27.5,25,1
2320486,45.5,27.5,25,1
2320486,45.5,27.5,18,1
2320486,45.5,27.5,18,1
2320486,38,29.9,30,2
2320486,35.5,21.3,23.2,2
2320486,35.5,21.3,23.2,2
2320486,45.5,27.5,25,1
2320486,38,29.9,30,2
2320486,45.5,27.5,25,1
2320486,23.4,16.8,16.7,2
2320486,45.5,27.5,25,1
2320486,45.2,34.9,22.8,2
2320486,45.2,34.9,22.8,2
2320486,45.5,27.5,18,1
2320486,23.3,15.6,23.2,2
2320486,23.3,15.6,23.2,2
2320486,45.2,34.9,22.8,2
2320486,19.5,15.1,11.8,2
2320486,28.6,19.5,15.1,2
2320486,18.8,15.4,14.3,2
2320486,53.1,23.1,27.8,2
2320486,23.4,17.1,16.1,2
2320486,49.2,27.8,28.7,2
2320486,38.7,24.7,23.3,2
2320486,40,15.1,20.7,2
2320486,40,15.1,20.7,2
2320486,40,15.1,20.7,2
2320486,40,15.1,20.7,2
2320486,40,15.1,20.7,2
2320486,40,15.1,20.7,2
2320486,40,15.1,20.7,2
2320486,41.8,31,26.2,2
2320486,36,27.8,21.6,2
2320486,32,23.3,16.1,2
2320486,38,28.1,23.4,2
2320486,23.7,15.6,15.4,2
2320486,23.4,15.6,15.2,2
2320486,40.4,26.8,33.6,2
2320486,45.5,27.5,25,1
2320486,23.1,13.7,15.2,2
2320486,23.2,15.3,23.3,2
2320486,50.3,26,34.3,2
2320486,23.1,15.6,23.3,2
2320486,23.7,15.2,15.1,2
2320486,38,28.1,23.4,2
2320486,26.5,39,32,2
2320486,38.9,29.2,17.9,2
2320486,23.2,15,11.1,2
2320486,23.2,15,11.1,2
2320486,23.2,15.3,23.3,2
2322235,36.7,24.8,28.8,2
2322235,38.9,29.2,17.9,2
2322235,38.9,29.2,17.9,2
2322235,36.7,24.8,28.8,2
2322235,50,30,28,0
2322235,50,30,28,0
2322235,50,30,28,0
2322235,50,30,18,0
2322235,50,30,18,0
2322235,50,30,28,0
2322235,50,30,18,0
2322235,50,30,28,0
2322235,50,30,28,0
2322235,50,30,28,0
2322235,50,30,28,0
2322235,50,30,28,0
2322235,50,30,28,0
2322235,50,30,28,0
2322235,50,30,18,0
2322235,50,30,28,0
2322235,50,30,28,0
2322235,50,30,18,0
2322235,50,30,18,0
2322235,45.5,27.5,25,1
2322235,45.5,27.5,25,1
2322235,45.5,27.5,25,1
2322235,45.5,27.5,18,1
2322235,45.5,27.5,25,1
2322235,45.5,27.5,25,1
2322235,50,30,28,0
2322235,50,30,28,0
2322235,50,30,28,0
2322235,50,30,28,0
2322235,45.5,27.5,18,1
2322235,38.5,25.5,34.7,2
2322235,50,30,28,0
2322235,45.5,27.5,18,1
2322235,42.8,29.7,14.7,2
2322235,45.5,27.5,25,1
2322235,45.5,27.5,25,1
2322235,45.5,27.5,25,1
2322235,45.5,27.5,25,1
2322235,45.5,27.5,18,1
2322235,38.5,25.5,34.7,2
2322235,21.5,15.8,13.4,2
2322235,25,18.7,15.8,2
2322235,25,18.7,15.8,2
2322235,21.5,15.8,13.4,2
2322235,21.8,19.6,24.4,2
2322235,21.5,15.8,13.4,2
2322235,29.7,17.2,24.4,2
2322235,36.7,28.9,33.8,2
2322235,21.5,15.8,13.4,2
2322235,21.5,15.8,13.4,2
2322235,45.5,27.5,18,1
2322235,45.5,27.5,25,1
2322235,45.5,27.5,25,1
2322235,45.5,27.5,18,1
2322235,45.5,27.5,25,1
2322235,50,30,28,0
2322235,45.5,27.5,18,1
2322235,45.5,27.5,18,1
2322235,45.5,27.5,25,1
2322235,45.5,27.5,25,1
2322235,45.5,27.5,25,1
2322235,17.7,16,14.8,2
2322235,53.1,23.1,27.8,2
2322235,53.1,23.1,27.8,2
2322235,53.1,23.1,27.8,2
2322235,52.8,27.3,15.3,2
2322235,38.5,25.5,34.7,2
2322235,17.7,16,14.7,2
2322235,53.1,23.1,27.8,2
2322235,53.1,23.1,27.8,2
2322298,53.1,23.1,27.8,2
2322298,53.1,23.1,27.8,2
2322298,53.1,23.1,27.8,2
2322298,53.1,23.1,27.8,2
2322298,40.7,30.9,20.2,2
2322298,20.8,16.5,22,2
2322298,39.8,26.4,33.8,2
2322298,42.9,26,33.2,2
2322298,41.8,31,26.2,2
2322298,50,30,18,0
2322298,50,30,28,0
2322298,50,30,28,0
2322298,50,30,18,0
2322298,50,30,28,0
2322298,50,30,28,0
2322298,50,30,18,0
2322298,50,30,18,0
2322298,50,30,18,0
2322298,50,30,28,0
2322298,50,30,28,0
2322298,50,30,28,0
2322298,50,30,28,0
2322298,45.5,27.5,25,1
2322298,45.5,27.5,18,1
2322298,50,30,28,0
2322298,45.5,27.5,18,1
2322298,45.5,27.5,25,1
2322298,45.5,27.5,18,1
2322298,42.8,29.7,14.7,2
2322298,42.8,29.7,14.7,2
2322298,42.7,29.6,12.2,2
2322298,50,30,18,0
2322298,33,13.7,17.7,2
2322298,50,30,28,0
2322298,50,30,28,0
2322298,50,30,18,0
2322298,50,30,28,0
2322298,50,30,28,0
2322298,50,30,28,0
2322298,31.7,23.2,13.3,2
2322298,20,13,16,2
2322298,26,22.5,24.1,2
2322298,45.5,27.5,25,1
2322298,20,13,16,2
2322298,45.5,27.5,25,1
2322298,50,30,28,0
2322298,50,30,28,0
2322298,45.5,27.5,18,1
2322298,45.5,27.5,25,1
2322298,27.3,18.3,10,2
2322298,45.5,27.5,25,1
2322298,45.5,27.5,18,1
2322298,45.5,27.5,18,1
2322298,45.5,27.5,25,1
2322298,50,30,18,0
2322298,50,30,18,0
2322298,50,30,18,0
2322298,50,30,28,0
2322298,20,13,16,2
2322298,20,13,16,2
2322298,50,30,28,0
2322298,50,30,28,0
2322298,50,30,18,0
2322298,50,30,18,0
2322298,45.5,27.5,25,1
2322298,45.5,27.5,18,1
2322298,45.5,27.5,25,1
2322298,50,30,18,0
2322298,23.1,15.6,23.3,2
2322298,23.3,15.6,23.2,2
2322298,45.5,27.5,18,1
2322298,45.5,27.5,18,1
2322298,50,30,28,0
2322298,50,30,18,0
2322300,45.5,27.5,18,1
2322300,23.2,15.3,23.3,2
2322300,45.5,27.5,25,1
2322300,50,30,18,0
2322300,45.5,27.5,25,1
2322300,21.1,16.5,21.8,2
2322300,45.5,27.5,25,1
2322300,45.5,27.5,25,1
2322300,45.5,27.5,25,1
2322300,45.5,27.5,18,1
2322300,45.5,27.5,25,1
2322300,25,16.4,9.1,2
2322300,45.5,27.5,18,1
2322300,50,30,28,0
2322300,25,16.4,9.1,2
2322300,45.5,27.5,25,1
2322300,45.5,27.5,18,1
2322300,21,16.6,21.8,2
2322300,45.5,27.5,18,1
2322300,45.5,27.5,25,1
2322300,45.5,27.5,18,1
2322300,26.5,20.5,17,2
2322300,45.5,27.5,18,1
2322300,50,30,28,0
2322300,45.5,27.5,25,1
2322300,45.5,27.5,25,1
2322300,27.2,23.3,15.3,2
2322300,27.2,23.3,15.3,2
2322300,45.5,27.5,25,1
2322300,27,37,33,2
2322300,38.1,28.6,21.2,2
2322300,40.1,31.6,34.5,2
2322300,45.5,27.5,25,1
2322300,50,30,28,0
2322300,45.5,27.5,18,1
2322300,20,13,16,2
2322300,20,13,16,2
2322300,45.5,27.5,25,1
2322300,45.5,27.5,25,1
2322300,29.7,20.8,23.5,2
2322300,29.7,20.8,23.5,2
2322300,45.5,27.5,18,1
2322300,50,30,28,0
2322300,50,30,28,0
2322300,45.5,27.5,25,1
2322300,50,30,28,0
2322300,50,30,18,0
2322300,50,30,28,0
2322300,45.5,27.5,18,1
2322300,45.5,27.5,25,1
2322300,45.5,27.5,25,1
2322300,45.5,27.5,18,1
2322300,45.5,27.5,25,1
2322300,45.5,27.5,25,1
2322300,45.5,27.5,25,1
2322300,45.5,27.5,25,1
2322300,50,30,28,0
2322300,45.5,27.5,25,1
2322300,45.5,27.5,25,1
2322300,45.5,27.5,18,1
2322300,45.5,27.5,18,1
2322300,45.5,27.5,25,1
2322300,45.5,27.5,25,1
2322300,45.5,27.5,18,1
2322300,45.5,27.5,25,1
2322300,20,13,16,2
2322300,20,13,16,2
2322300,20,13,16,2
2322300,20,13,16,2
2322300,20,13,16,2
2322300,20,13,16,2
2322300,26,22.3,23.4,2
2322300,20,13,16,2
2322300,20,13,16,2
2299167,20,13,16,2
2299167,20,13,16,2
2299167,20,13,16,2
2299167,20,13,16,2
2299167,20,13,16,2
2299167,45.5,27.5,25,1
2299167,20,13,16,2
2299167,19.3,13.1,11.7,2
2299167,19.3,13.1,11.7,2
2299167,23.2,15.3,23.3,2
2299167,19.3,13.1,11.8,2
2299167,19.3,13.1,11.8,2
2299167,45.2,33.9,19.3,2
2299167,21.1,15.6,13.6,2
2299167,42.4,26,8.6,2
2299167,29.7,20.8,23.5,2
2299167,45.5,27.5,25,1
2299167,23.2,15.3,23.3,2
2299167,23.6,14.2,9,2
2299167,19.9,18.2,20.6,2
2299167,26.9,24.4,32.2,2
2299167,21.2,15.8,13.8,2
2299167,26.9,24.4,32.2,2
2299167,36.1,23.5,7.5,2
2299167,29.7,20.8,23.5,2
2299167,26.9,24.4,32.2,2
2299167,26.9,24.4,32.2,2
2299167,26.9,24.4,32.2,2
2299167,26.9,24.4,32.2,2
2299167,19.3,13.2,11.8,2
2299167,34.5,14.5,14.5,2
2299167,34.5,14.5,14.5,2
2299167,13.1,11.5,19.7,2
2299167,34.5,14.5,14.5,2
2299167,22.2,22.2,22,2
2299167,34.5,14.5,14.5,2
2299167,34.5,14.5,14.5,2
2299167,22.2,22.2,22,2
2299167,34.5,14.5,14.5,2
2299167,22.2,22.2,22,2
2299167,22.2,22.2,22,2
2299167,34.5,14.5,14.5,2
2299167,34.5,14.5,14.5,2
2299167,19.3,13.2,11.8,2
2299167,34.5,14.5,14.5,2
2299167,32,25,22.9,2
2299167,16.1,13.5,21.2,2
2299167,16.1,13.5,21.2,2
2299167,16.1,13.5,21.2,2
2299167,16.1,13.5,21.2,2
2299167,22.2,22.2,22,2
2299167,16,13.5,21.2,2
2299167,16,13.5,21.2,2
2299167,16,13.5,21.2,2
2299167,25,18.7,15.8,2
2299167,16,13.5,21.2,2
2299167,25,18.7,15.8,2
2299167,50,30,28,0
2299167,50,30,28,0
2299167,50,30,18,0
2299167,50,30,18,0
2299167,45.5,27.5,18,1
2299167,50,30,28,0
2299167,50,30,18,0
2299167,50,30,18,0
2299167,45.5,27.5,18,1
2299167,45.5,27.5,18,1
2299167,50,30,18,0
2299167,50,30,18,0
2299167,45.5,27.5,18,1
2299167,45.5,27.5,18,1
2299167,50,30,28,0
2299167,45.5,27.5,18,1
2299167,50,30,28,0
2322222,50,30,28,0
2322222,45.5,27.5,25,1
2322222,45.5,27.5,25,1
2322222,50,30,28,0
2322222,50,30,18,0
2322222,45.5,27.5,25,1
2322222,45.5,27.5,25,1
2322222,45.5,27.5,18,1
2322222,45.5,27.5,18,1
2322222,45.5,27.5,18,1
2322222,45.5,27.5,25,1
2322222,45.5,27.5,25,1
2322222,45.5,27.5,25,1
2322222,45.5,27.5,25,1
2322222,50,30,28,0
2322222,50,30,28,0
2322222,50,30,28,0
2322222,50,30,18,0
2322222,45.5,27.5,18,1
2322222,50,30,18,0
2322222,45.5,27.5,18,1
2322222,50,30,18,0
2322222,45.5,27.5,25,1
2322222,50,30,28,0
2322222,45.5,27.5,25,1
2322222,16.2,14.3,17.7,2
2322222,50,30,28,0
2322222,45.5,27.5,25,1
2322222,38,29.3,24.4,2
2322222,45.5,27.5,25,1
2322222,50,30,28,0
2322222,45.5,27.5,18,1
2322222,45.2,33.9,19.3,2
2322222,16,13.5,21.2,2
2322222,16.1,13.5,21.2,2
2322222,45.5,27.5,18,1
2322222,20,13,16,2
2322222,45.5,27.5,18,1
2322222,45.5,27.5,25,1
2322222,45.5,27.5,18,1
2322222,41.2,24.2,17.1,2
2322222,42.7,19.4,28.4,2
2322222,23.5,14.7,15.4,2
2322222,48.6,23.8,28.7,2
2322222,48.6,23.8,28.7,2
2322222,48.6,23.8,28.7,2
2322222,48.6,23.8,28.7,2
2322222,45.5,27.5,25,1
2322222,45.5,27.5,25,1
2322222,45.5,27.5,25,1
2322222,20,14.8,13.1,2
2322222,20.2,13.6,21.2,2
2322222,20.2,13.6,21.2,2
2322222,21.8,19.6,24.4,2
2322222,17.7,16,14.7,2
2322222,33.6,33.6,24.6,2
2322222,33.6,33.6,24.6,2
2322222,33.6,33.6,24.6,2
2322222,33.6,33.6,24.6,2
2322222,22.2,22.2,22,2
2322222,19.4,15.8,23.5,2
2322222,16.3,12.6,18,2
2322222,12.9,11.4,20,2
2322222,22.2,22.2,22,2
2322222,19.4,15.2,23.2,2
2322222,20,17.7,22.7,2
2322222,19.9,14.9,12.5,2
2322222,23.2,15,11.1,2
2322222,23.2,15,11.1,2
2322222,22.2,22.2,22,2
2322222,22.2,22.2,22,2
2322222,22.6,7.5,13.6,2
2322222,33,13.7,17.7,2
2322222,19.3,13.1,11.8,2
2332253,33,13.7,17.7,2
2332253,19.2,15.2,23,2
2332253,23.2,15.5,10.9,2
2332253,16.3,14.5,17.9,2
2332253,19.8,14.4,13.1,2
2332253,19.2,15.2,23,2
2332253,22.2,22.2,22,2
2332253,35.6,28.7,23.6,2
2332253,19.5,12.3,13.3,2
2332253,35.6,28.7,23.6,2
2332253,19.3,13.1,11.7,2
2332253,45.5,27.5,18,1
2332253,45.5,27.5,18,1
2332253,45.5,27.5,25,1
2332253,21.5,15.8,13.4,2
2332253,50,30,18,0
2332253,50,30,18,0
2332253,50,30,28,0
2332253,50,30,18,0
2332253,50,30,28,0
2332253,50,30,28,0
2332253,50,30,28,0
2332253,20.7,14.8,22.6,2
2332253,50,30,28,0
2332253,50,30,28,0
2332253,42.7,29.6,12.2,2
2332253,45.5,27.5,25,1
2332253,50,30,18,0
2332253,45.5,27.5,25,1
2332253,50,30,28,0
2332253,45.5,27.5,18,1
2332253,50,30,28,0
2332253,45.5,27.5,25,1
2332253,50,30,28,0
2332253,50,30,28,0
2332253,50,30,18,0
2332253,50,30,18,0
2332253,45.5,27.5,25,1
2332253,45.5,27.5,18,1
2332253,45.5,27.5,25,1
2332253,45.5,27.5,25,1
2332253,23.7,15.2,15.1,2
2332253,25,18.7,15.8,2
2332253,45.5,27.5,25,1
2332253,45.5,27.5,25,1
2332253,45.5,27.5,25,1
2332253,45.5,27.5,25,1
2332253,45.5,27.5,18,1
2332253,45.5,27.5,18,1
2332253,45.5,27.5,25,1
2332253,33.8,15.7,17.8,2
2332253,33.8,15.7,17.8,2
2332253,23.7,14.1,8.9,2
2332253,23.7,14.1,8.9,2
2332253,50,30,18,0
2332253,33.5,15.6,18,2
2332253,33.5,15.6,18,2
2332253,22.2,22,21.9,2
2332253,20.4,14.7,22.5,2
2332253,45.5,27.5,25,1
2332253,45.5,27.5,25,1
2332253,38.2,10.7,23.6,2
2332253,28.6,18.5,16.1,2
2332253,38.2,10.7,23.6,2
2332253,38.2,10.7,23.6,2
2332253,16,15.7,17.8,2
2332253,42.8,29.7,14.7,2
2332253,42.8,29.7,14.7,2
2332253,16,15.7,17.8,2
2332253,23.7,14.2,8.9,2
2332253,42.8,29.7,14.7,2
2332253,30.2,23.2,19.3,2
2332253,42.8,29.7,14.7,2
2332253,45.5,27.5,18,1
2340036,33.6,15.3,17.8,2
2340036,33.6,15.3,17.8,2
2340036,33.9,15.5,17.6,2
2340036,33.9,15.5,17.6,2
2340036,21.1,15.6,13.5,2
2340036,50,30,28,0
2340036,45.5,27.5,25,1
2340036,50,30,28,0
2340036,50,30,28,0
2340036,50,30,28,0
2340036,50,30,28,0
2340036,13.9,9,15.6,2
2340036,23.7,15.6,15.4,2
2340036,50,30,18,0
2340036,50,30,28,0
2340036,50,30,18,0
2340036,42.9,32,33,2
2340036,23.7,15.2,15.3,2
2340036,45.5,27.5,25,1
2340036,50,30,28,0
2340036,50,30,28,0
2340036,50,30,18,0
2340036,50,30,28,0
2340036,50,30,28,0
2340036,45.5,27.5,18,1
2340036,45.5,27.5,18,1
2340036,45.5,27.5,18,1
2340036,50,30,28,0
2340036,50,30,28,0
2340036,50,30,28,0
2340036,50,30,28,0
2340036,23.6,15.6,15.2,2
2340036,50,30,28,0
2340036,41,30.5,20.1,2
2340036,50,30,28,0
2340036,45.5,27.5,25,1
2340036,23.4,15.6,15.2,2
2340036,45.5,27.5,25,1
2340036,50,30,18,0
2340036,50,30,28,0
2340036,50,30,18,0
2340036,50,30,28,0
2340036,50,30,28,0
2340036,50,30,18,0
2340036,50,30,28,0
2340036,45.5,27.5,25,1
2340036,45.5,27.5,25,1
2340036,50,30,18,0
2340036,50,30,28,0
2340036,50,30,18,0
2340036,50,30,28,0
2340036,50,30,18,0
2340036,45.5,27.5,25,1
2340036,45.5,27.5,25,1
2340036,45.5,27.5,25,1
2340036,45.5,27.5,18,1
2340036,45.5,27.5,25,1
2340036,50,30,28,0
2340036,50,30,18,0
2340036,45.5,27.5,18,1
2340036,45.5,27.5,25,1
2340036,50,30,18,0
2340036,50,30,28,0
2340036,50,30,18,0
2340036,23.1,15.6,23.3,2
2340036,50,30,28,0
2340036,50,30,28,0
2340036,33,13.7,17.7,2
2340036,45.5,27.5,25,1
2340036,50,30,28,0
2340036,50,30,28,0
2340036,45.5,27.5,18,1
2340036,50,30,28,0
2340036,50,30,28,0
2322327,23.4,17.1,16.1,2
2322327,26.1,23.2,23.3,2
2322327,23.3,15.6,23.2,2
2322327,25.9,23.3,23.2,2
2322327,50,30,28,0
2322327,45.5,27.5,25,1
2322327,45.5,27.5,25,1
2322327,45.5,27.5,25,1
2322327,45.5,27.5,25,1
2322327,45.5,27.5,18,1
2322327,23.2,15.3,23.3,2
2322327,38.5,20.1,18.6,2
2322327,38.5,20.1,18.6,2
2322327,34.5,24.6,18.7,2
2322327,34.5,24.6,18.7,2
2322327,34.5,24.6,18.7,2
2322327,34.5,24.6,18.7,2
2322327,34.5,24.6,18.7,2
2322327,21.1,15.6,13.6,2
2322327,52.7,39.3,30.2,2
2322327,50,30,28,0
2322327,21.5,15.8,13.4,2
2322327,50,30,28,0
2322327,25,18.7,15.8,2
2322327,34.5,24.6,18.7,2
2322327,50,30,28,0
2322327,45.5,27.5,25,1
2322327,45.5,27.5,25,1
2322327,45.5,27.5,25,1
2322327,50,30,18,0
2322327,50,30,18,0
2322327,50,30,18,0
2322327,50,30,28,0
2322327,50,30,28,0
2322327,45.5,27.5,25,1
2322327,45.5,27.5,25,1
2322327,45.5,27.5,18,1
2322327,50,30,28,0
2322327,45.5,27.5,18,1
2322327,50,30,28,0
2322327,50,30,28,0
2322327,45.5,27.5,18,1
2322327,45.5,27.5,25,1
2322327,45.5,27.5,18,1
2322327,50,30,18,0
2322327,45.5,27.5,25,1
2322327,45.5,27.5,25,1
2322327,45.5,27.5,25,1
2322327,50,30,28,0
2322327,50,30,18,0
2322327,45.5,27.5,18,1
2322327,50,30,28,0
2322327,50,30,28,0
2322327,50,30,18,0
2322327,45.5,27.5,18,1
2322327,50,30,28,0
2322327,45.5,27.5,18,1
2322327,50,30,28,0
2322327,50,30,28,0
2322327,45.5,27.5,25,1
2322327,45.5,27.5,18,1
2322327,45.5,27.5,25,1
2322327,50,30,28,0
2322327,45.5,27.5,25,1
2322327,45.5,27.5,25,1
2322327,21.8,19.6,24.4,2
2322327,50,30,28,0
2322327,19.3,13.1,11.7,2
2322327,45.5,27.5,25,1
2322327,45.5,27.5,18,1
2322327,20.6,16.3,21.9,2
2322327,26.5,20.5,17,2
2322327,26.5,20.5,17,2
2322327,45,34.1,19.3,2
2322343,21.8,19.6,24.4,2
2322343,20.6,16.3,21.9,2
2322343,22.2,22,21.9,2
2322343,25,18.7,15.8,2
2322343,13.2,11.4,19.3,2
2322343,26.5,20.5,17,2
2322343,26.5,20.5,17,2
2322343,26.5,20.5,17,2
2322343,21.5,15.8,13.4,2
2322343,28.6,18.5,16.1,2
2322343,26.1,26,15.9,2
2322343,50.3,35.6,26.9,2
2322343,50.3,35.6,26.9,2
2322343,30.2,23.2,19.3,2
2322343,16.3,14.5,17.9,2
2322343,30.2,23.2,19.3,2
2322343,21.1,15.6,13.5,2
2322343,50,30,28,0
2322343,38.2,28.3,21.5,2
2322343,50,30,28,0
2322343,50,30,18,0
2322343,50,30,28,0
2322343,50,30,28,0
2322343,50,30,18,0
2322343,50,30,18,0
2322343,50,30,18,0
2322343,50,30,18,0
2322343,50,30,18,0
2322343,50,30,28,0
2322343,50,30,28,0
2322343,50,30,28,0
2322343,50,30,28,0
2322343,50,30,18,0
2322343,50,30,28,0
2322343,50,30,28,0
2322343,38.5,25.5,34.7,2
2322343,38.5,25.5,34.7,2
2322343,33,13.7,17.7,2
2322343,50,30,28,0
2322343,45.5,27.5,25,1
2322343,45.5,27.5,25,1
2322343,30.2,23.2,19.3,2
2322343,45.5,27.5,25,1
2322343,45.5,27.5,18,1
2322343,45.5,27.5,25,1
2322343,45.5,27.5,18,1
2322343,45.5,27.5,25,1
2322343,45.5,27.5,18,1
2322343,45.5,27.5,25,1
2322343,45.5,27.5,18,1
2322343,45.5,27.5,25,1
2322343,45.5,27.5,25,1
2322343,45.5,27.5,25,1
2322343,45.5,27.5,25,1
2322343,45.5,27.5,25,1
2322343,45.5,27.5,25,1
2322343,45.5,27.5,18,1
2322343,50,30,18,0
2322343,50,30,28,0
2322343,50,30,28,0
2322343,45.5,27.5,18,1
2322343,45.5,27.5,25,1
2322343,45.5,27.5,25,1
2322343,45.5,27.5,25,1
2322343,45.5,27.5,25,1
2322343,45.5,27.5,25,1
2322343,45.5,27.5,18,1
2322343,45.5,27.5,18,1
2322343,50,30,28,0
2322343,45.5,27.5,25,1
2322343,45.5,27.5,25,1
2322343,45.5,27.5,25,1
2322343,45.5,27.5,18,1
2322343,45.5,27.5,18,1
2323515,50,30,28,0
2323515,50,30,18,0
2323515,50,30,28,0
2323515,50,30,28,0
2323515,45.5,27.5,25,1
2323515,45.5,27.5,18,1
2323515,40,29.3,10.3,2
2323515,50,30,18,0
2323515,20,13,16,2
2323515,20,13,16,2
2323515,50,30,28,0
2323515,30.2,23.2,19.3,2
2323515,38.9,29.2,17.9,2
2323515,50,30,28,0
2323515,50,30,28,0
2323515,50,30,28,0
2323515,26.5,20.5,17,2
2323515,50,30,18,0
2323515,50,30,28,0
2323515,45.5,27.5,18,1
2323515,34.5,24.3,23.1,2
2323515,34.5,24.3,23.1,2
2323515,45.5,27.5,18,1
2323515,35,29,19,2
2323515,35,29,19,2
2323515,35,29,19,2
2323515,35,29,19,2
2323515,35,29,19,2
2323515,34.5,24.3,23.1,2
2323515,35,29,19,2
2323515,35,29,19,2
2323515,50,30,28,0
2323515,35,29,19,2
2323515,35,29,19,2
2323515,45.5,27.5,18,1
2323515,35,29,19,2
2323515,45.5,27.5,25,1
2323515,50,30,18,0
2323515,50,30,18,0
2323515,45.5,27.5,25,1
2323515,45.5,27.5,18,1
2323515,45.5,27.5,25,1
2323515,50,30,18,0
2323515,50,30,28,0
2323515,45.5,27.5,25,1
2323515,45.5,27.5,25,1
2323515,45.5,27.5,18,1
2323515,45.5,27.5,25,1
2323515,45.5,27.5,25,1
2323515,45.5,27.5,18,1
2323515,50,30,28,0
2323515,50,30,18,0
2323515,50,30,28,0
2323515,45.5,27.5,25,1
2323515,50,30,18,0
2323515,50,30,28,0
2323515,50,30,28,0
2323515,45.5,27.5,18,1
2323515,45.5,27.5,25,1
2323515,50,30,28,0
2323515,50,30,28,0
2323515,45.5,27.5,25,1
2323515,50,30,18,0
2323515,50,30,28,0
2323515,50,30,28,0
2323515,45.5,27.5,25,1
2323515,50,30,28,0
2323515,50,30,18,0
2323515,45.5,27.5,25,1
2323515,50,30,28,0
2323515,45.5,27.5,18,1
2323515,45.5,27.5,18,1
2323515,50,30,18,0
2323515,50,30,28,0
2322370,50,30,18,0
2322370,34.7,24.5,18.8,2
2322370,34.7,24.5,18.8,2
2322370,45.5,27.5,18,1
2322370,45.2,34.9,22.8,2
2322370,34.7,24.5,18.8,2
2322370,45.5,27.5,25,1
2322370,45.5,27.5,25,1
2322370,22.2,22,21.9,2
2322370,16.1,14.1,18,2
2322370,45.5,27.5,25,1
2322370,45.5,27.5,25,1
2322370,45.5,27.5,25,1
2322370,18.7,13,12,2
2322370,45.5,27.5,25,1
2322370,45.5,27.5,18,1
2322370,45.5,27.5,25,1
2322370,45.5,27.5,18,1
2322370,45.5,27.5,18,1
2322370,20.3,13.7,8.2,2
2322370,18.9,14,12.8,2
2322370,20.2,12.1,13.2,2
2322370,23.6,13.6,11.9,2
2322370,19.5,12.3,13.3,2
2322370,27,37,33,2
2322370,36.1,23.5,7.5,2
2322370,26.5,20.5,17,2
2322370,26.5,20.5,17,2
2322370,16.3,14.6,17.8,2
2322370,26.5,20.5,17,2
2322370,10.9,8,13.7,2
2322370,19.4,13.5,11.8,2
2322370,50.2,26.1,34.4,2
2322370,13.2,11.7,19.8,2
2322370,42.8,29.7,14.7,2
2322370,19.3,13.1,11.8,2
2322370,20.7,13.6,12.6,2
2322370,14.5,9.8,19.6,2
2322370,19.4,13.5,11.8,2
2322370,27,40,35,2
2322370,19.4,13.5,11.8,2
2322370,13.2,11.5,19.9,2
2322370,45.5,27.5,18,1
2322370,45.5,27.5,25,1
2322370,45.5,27.5,25,1
2322370,45.5,27.5,25,1
2322370,45.5,27.5,25,1
2322370,45.5,27.5,25,1
2322370,45.5,27.5,18,1
2322370,13.5,12.3,18.9,2
2322370,45.5,27.5,25,1
2322370,39.5,26.5,34,2
2322370,45.5,27.5,18,1
2322370,50,30,28,0
2322370,25,16.4,9.1,2
2322370,33.1,22.5,12.1,2
2322370,45.5,27.5,18,1
2322370,45.5,27.5,25,1
2322370,45.5,27.5,25,1
2322370,40.3,27.5,16.6,2
2322370,45.5,27.5,18,1
2322370,45.5,27.5,18,1
2322370,50,30,18,0
2322370,50,30,28,0
2322370,50,30,28,0
2322370,52.8,27.3,15.3,2
2322370,45.5,27.5,25,1
2322370,50,30,28,0
2322370,50,30,28,0
2322370,52.8,27.3,15.3,2
2322370,50,30,18,0
2322370,50,30,18,0
2322370,20.6,15.3,10.6,2
2322370,52.8,27.3,15.3,2
2322389,50,30,28,0
2322389,45.5,27.5,25,1
2322389,45.5,27.5,18,1
2322389,26.9,18.2,10.2,2
2322389,45.5,27.5,18,1
2322389,52.8,27.3,15.3,2
2322389,52.8,27.3,15.3,2
2322389,52.8,27.3,15.3,2
2322389,50,30,28,0
2322389,45.5,27.5,18,1
2322389,52.8,27.3,15.3,2
2322389,45.5,27.5,18,1
2322389,52.8,27.3,15.3,2
2322389,45.5,27.5,18,1
2322389,45.5,27.5,18,1
2322389,50,30,28,0
2322389,45.5,27.5,18,1
2322389,45.5,27.5,25,1
2322389,45.5,27.5,18,1
2322389,52.8,27.3,15.3,2
2322389,45.5,27.5,18,1
2322389,50,30,28,0
2322389,7.5,17,26.5,2
2322389,50,30,28,0
2322389,50,30,28,0
2322389,52.8,27.3,15.3,2
2322389,45.5,27.5,18,1
2322389,45.5,27.5,25,1
2322389,50,30,28,0
2322389,50,30,28,0
2322389,52.8,27.3,15.3,2
2322389,50,30,28,0
2322389,50,30,28,0
2322389,50,30,28,0
2322389,21.5,15.8,13.4,2
2322389,21.5,15.8,13.4,2
2322389,50,30,18,0
2322389,50,30,18,0
2322389,21.5,15.8,13.4,2
2322389,25,18.7,15.8,2
2322389,25.8,22.3,23.8,2
2322389,42.4,26,8.6,2
2322389,22.2,22,21.9,2
2322389,50,30,28,0
2322389,25,18.7,15.8,2
2322389,25,18.7,15.8,2
2322389,33,13.7,17.7,2
2322389,33.3,28.8,21.8,2
2322389,36.7,23.1,21.3,2
2322389,53.5,28.5,23.8,2
2322389,30.5,24.5,22,2
2322389,50,30,28,0
2322389,50,30,28,0
2322389,50,30,28,0
2322389,50,30,28,0
2322389,50,30,18,0
2322389,50,30,18,0
2322389,50,30,28,0
2322389,33,13.7,17.7,2
2322389,50,30,28,0
2322389,50,30,28,0
2322389,50,30,28,0
2322389,50,30,18,0
2322389,50,30,28,0
2322389,50,30,28,0
2322389,50,30,28,0
2322389,50,30,28,0
2322389,50,30,28,0
2322389,50,30,28,0
2322389,50,30,18,0
2322389,50,30,18,0
2322389,45.5,27.5,25,1
2322389,45.5,27.5,18,1
2322389,45.4,34.2,18.8,2
2322401,45.4,34.2,18.8,2
2322401,50,30,28,0
2322401,50,30,18,0
2322401,50,30,28,0
2322401,50,30,18,0
2322401,50,30,18,0
2322401,50,30,28,0
2322401,50,30,28,0
2322401,50,30,28,0
2322401,50,30,28,0
2322401,50,30,28,0
2322401,50,30,18,0
2322401,50,30,28,0
2322401,45.5,27.5,18,1
2322401,45.5,27.5,18,1
2322401,45.5,27.5,25,1
2322401,45.5,27.5,18,1
2322401,45.5,27.5,25,1
2322401,45.5,27.5,25,1
2322401,50,30,28,0
2322401,50,30,28,0
2322401,50,30,28,0
2322401,50,30,28,0
2322401,50,30,28,0
2322401,45.5,27.5,25,1
2322401,45.5,27.5,18,1
2322401,45.5,27.5,25,1
2322401,45.5,27.5,18,1
2322401,50,30,18,0
2322401,45.5,27.5,25,1
2322401,50,30,28,0
2322401,45.5,27.5,25,1
2322401,31.9,16.4,24.3,2
2322401,31.9,16.4,24.3,2
2322401,33,13.7,17.7,2
2322401,33,13.7,17.7,2
2322401,52.8,27.3,15.3,2
2322401,52.8,27.3,15.3,2
2322401,52.8,27.3,15.3,2
2322401,52.8,27.3,15.3,2
2322401,52.8,27.3,15.3,2
2322401,46.8,30.2,18.6,2
2322401,52.8,27.3,15.3,2
2322401,52.8,27.3,15.3,2
2322401,52.8,27.3,15.3,2
2322401,46.8,30.2,18.6,2
2322401,46.8,30.2,18.6,2
2322401,46.8,30.2,18.6,2
2322401,52.8,27.3,15.3,2
2322401,52.8,27.3,15.3,2
2322401,52.8,27.3,15.3,2
2322401,52.8,27.3,15.3,2
2322401,52.8,27.3,15.3,2
2322401,52.8,27.3,15.3,2
2322401,52.8,27.3,15.3,2
2322401,52.8,27.3,15.3,2
2322401,52.8,27.3,15.3,2
2322401,52.8,27.3,15.3,2
2322401,52.8,27.3,15.3,2
2322401,52.8,27.3,15.3,2
2322401,52.8,27.3,15.3,2
2322401,50.2,26.1,34.4,2
2322401,46.8,30.2,18.6,2
2322401,46.8,30.2,18.6,2
2322401,46.8,30.2,18.6,2
2322401,46.8,30.2,18.6,2
2322401,46.8,30.2,18.6,2
2322401,46.8,30.2,18.6,2
2322401,45.5,27.5,18,1
2322401,50,30,28,0
2322401,50,30,28,0
2322401,50,30,18,0
2322401,50,30,18,0
2322401,45.5,27.5,18,1
2322412,31.9,21.4,27.3,2
2322412,40.1,16.3,13.5,2
2322412,50,30,28,0
2322412,50,30,28,0
2322412,52.8,27.3,15.3,2
2322412,52.8,27.3,15.3,2
2322412,52.8,27.3,15.3,2
2322412,52.8,27.3,15.3,2
2322412,52.8,27.3,15.3,2
2322412,52.8,27.3,15.3,2
2322412,52.8,27.3,15.3,2
2322412,31.9,21.4,27.3,2
2322412,45.5,27.5,18,1
2322412,45.5,27.5,18,1
2322412,38.5,25.5,34.7,2
2322412,52.8,27.3,15.3,2
2322412,52.8,27.3,15.3,2
2322412,50,30,28,0
2322412,50,30,28,0
2322412,50,30,28,0
2322412,50,30,28,0
2322412,50,30,28,0
2322412,50,30,18,0
2322412,50,30,28,0
2322412,50,30,18,0
2322412,50,30,28,0
2322412,50,30,28,0
2322412,50,30,28,0
2322412,50,30,28,0
2322412,50,30,28,0
2322412,50,30,28,0
2322412,50,30,28,0
2322412,50,30,28,0
2322412,50,30,28,0
2322412,50,30,28,0
2322412,45.5,27.5,18,1
2322412,45.5,27.5,25,1
2322412,45.5,27.5,18,1
2322412,45.5,27.5,25,1
2322412,45.5,27.5,25,1
2322412,45.5,27.5,18,1
2322412,50,30,18,0
2322412,45.5,27.5,18,1
2322412,45.5,27.5,18,1
2322412,50,30,28,0
2322412,50,30,28,0
2322412,45.5,27.5,18,1
2322412,45.5,27.5,25,1
2322412,45.5,27.5,25,1
2322412,50,30,18,0
2322412,45.5,27.5,25,1
2322412,45.5,27.5,25,1
2322412,50,30,18,0
2322412,45.5,27.5,25,1
2322412,50,30,28,0
2322412,45.5,27.5,25,1
2322412,50,30,28,0
2322412,50,30,18,0
2322412,45.5,27.5,18,1
2322412,50,30,28,0
2322412,45.5,27.5,18,1
2322412,45.5,27.5,18,1
2322412,45.5,27.5,25,1
2322412,50,30,28,0
2322412,50,30,18,0
2322412,50,30,18,0
2322412,50,30,28,0
2322412,50,30,18,0
2322412,50,30,28,0
2322412,50,30,28,0
2322412,50,30,28,0
2322412,50,30,18,0
2322412,50,30,28,0
2322412,50,30,28,0
2322424,50,30,28,0
2322424,50,30,28,0
2322424,52.8,27.3,15.3,2
2322424,50,30,28,0
2322424,40.4,27.2,33.7,2
2322424,50,30,28,0
2322424,50,30,18,0
2322424,39.8,24.6,26.7,2
2322424,22.2,22,21.9,2
2322424,42.7,29.6,12.2,2
2322424,50,30,28,0
2322424,50,30,28,0
2322424,40.4,27.2,33.7,2
2322424,50,30,18,0
2322424,34.5,14.5,14.5,2
2322424,34.5,14.5,14.5,2
2322424,52.8,27.3,15.3,2
2322424,34.5,14.5,14.5,2
2322424,50,30,28,0
2322424,50,30,28,0
2322424,50,30,28,0
2322424,41.8,31,26.2,2
2322424,50,30,18,0
2322424,50,30,18,0
2322424,20.2,12.1,13.2,2
2322424,34.5,14.5,14.5,2
2322424,34.5,14.5,14.5,2
2322424,50,30,28,0
2322424,52.8,27.3,15.3,2
2322424,50,30,28,0
2322424,34.5,14.5,14.5,2
2322424,50,30,28,0
2322424,50,30,28,0
2322424,50,30,28,0
2322424,50,30,28,0
2322424,34.5,14.5,14.5,2
2322424,23.2,15.5,10.9,2
2322424,50,30,18,0
2322424,25,18.7,15.8,2
2322424,25,18.7,15.8,2
2322424,21.7,20,13.3,2
2322424,25,18.7,15.8,2
2322424,52.8,27.3,15.3,2
2322424,52.8,27.3,15.3,2
2322424,52.8,27.3,15.3,2
2322424,52.8,27.3,15.3,2
2322424,21.5,15.8,13.4,2
2322424,52.8,27.3,15.3,2
2322424,52.8,27.3,15.3,2
2322424,21.5,15.8,13.4,2
2322424,21.5,15.8,13.4,2
2322424,52.8,27.3,15.3,2
2322424,33,13.7,17.7,2
2322424,21.1,15.6,13.5,2
2322424,21.1,15.6,13.6,2
2322424,21.1,15.6,13.6,2
2322424,21.1,15.6,13.5,2
2322424,25,18.7,15.8,2
2322424,21.1,15.6,13.5,2
2322424,28.6,18.5,16.1,2
2322424,28.6,18.5,16.1,2
2322424,28.6,18.5,16.1,2
2322424,25,18.7,15.8,2
2322424,28.6,18.5,16.1,2
2322424,28.6,18.5,16.1,2
2322424,26.5,39.5,33,2
2322424,31.5,42,25.5,2
2322424,25,18.7,15.8,2
2322424,52.8,27.3,15.3,2
2322424,28.6,18.5,16.1,2
2322424,28.6,18.5,16.1,2
2322424,52.8,27.3,15.3,2
2322424,25,18.7,15.8,2
2322424,28.6,18.5,16.1,2
2332263,45.5,27.5,25,1
2332263,28.6,18.5,16.1,2
2332263,28.6,18.5,16.1,2
2332263,25,18.7,15.8,2
2332263,28.6,18.5,16.1,2
2332263,28.6,18.5,16.1,2
2332263,25,18.7,15.8,2
2332263,46.8,30.2,18.6,2
2332263,25,18.7,15.8,2
2332263,46.8,30.2,18.6,2
2332263,25,18.7,15.8,2
2332263,25,18.7,15.8,2
2332263,52.8,27.3,15.3,2
2332263,21.5,15.8,13.4,2
2332263,21.5,15.8,13.4,2
2332263,45.2,34.9,22.8,2
2332263,21.5,15.8,13.4,2
2332263,21.5,15.8,13.4,2
2332263,21.5,15.8,13.4,2
2332263,21.5,15.8,13.4,2
2332263,21.5,15.8,13.4,2
2332263,21.5,15.8,13.4,2
2332263,45.2,34.9,22.8,2
2332263,15.2,10.4,25.2,2
2332263,21.5,15.8,13.4,2
2332263,21.8,19.6,24.4,2
2332263,16.6,12.5,14,2
2332263,19.9,14.9,12.5,2
2332263,36.7,25.9,29.6,2
2332263,23.2,15,11.1,2
2332263,30.3,19.6,23.1,2
2332263,28,15.2,12.1,2
2332263,45.5,27.5,18,1
2332263,21.2,15.8,13.8,2
2332263,21.2,15.8,13.8,2
2332263,20.5,15.7,22.5,2
2332263,45.5,27.5,18,1
2332263,13.5,12.3,18.9,2
2332263,23.5,14.7,15.4,2
2332263,27.1,16.6,18.2,2
2332263,50,30,28,0
2332263,34.5,14.5,14.5,2
2332263,46.8,30.2,18.6,2
2332263,14.5,9.8,19.6,2
2332263,33.3,20,24.5,2
2332263,19.2,14.1,13.3,2
2332263,33.3,20,24.5,2
2332263,41,27,34.5,2
2332263,20.1,12.4,12.6,2
2332263,41.8,31.5,25.9,2
2332263,39.5,26.5,33.9,2
2332263,38.2,28.3,21.5,2
2332263,50,30,28,0
2332263,50,30,28,0
2332263,50,30,18,0
2332263,50,30,28,0
2332263,50,30,18,0
2332263,45.5,27.5,25,1
2332263,45.5,27.5,18,1
2332263,45.5,27.5,18,1
2332263,45.5,27.5,25,1
2332263,45.5,27.5,25,1
2332263,45.5,27.5,18,1
2332263,45.5,27.5,18,1
2332263,45.5,27.5,18,1
2332263,45.5,27.5,18,1
2332263,50,30,28,0
2332263,50,30,18,0
2332263,50,30,28,0
2332263,50,30,28,0
2332263,50,30,28,0
2332263,50,30,28,0
2332263,50,30,18,0
2332263,45.5,27.5,25,1
2322393,45.5,27.5,18,1
2322393,50,30,28,0
2322393,50,30,28,0
2322393,28.6,18.5,16.1,2
2322393,28.6,18.5,16.1,2
2322393,28.6,18.5,16.1,2
2322393,45.5,27.5,25,1
2322393,45.5,27.5,25,1
2322393,45.5,27.5,18,1
2322393,28.6,18.5,16.1,2
2322393,28.6,18.5,16.1,2
2322393,28.6,18.5,16.1,2
2322393,28.6,18.5,16.1,2
2322393,28.6,18.5,16.1,2
2322393,28.6,18.5,16.1,2
2322393,28.6,18.5,16.1,2
2322393,26.7,17,34.5,2
2322393,26.7,17,34.5,2
2322393,23.3,15.6,23.2,2
2322393,25,18.7,15.8,2
2322393,25,18.7,15.8,2
2322393,25,18.7,15.8,2
2322393,25,18.7,15.8,2
2322393,36.2,15.3,21.5,2
2322393,34,24.8,28,2
2322393,33.3,21.1,16.4,2
2322393,33.3,21.1,16.4,2
2322393,35.5,21.3,23.2,2
2322393,25,18.7,15.8,2
2322393,23.2,15.3,23.3,2
2322393,23.2,15.3,23.3,2
2322393,20,17.7,22.7,2
2322393,21.1,15.6,13.5,2
2322393,21.1,15.6,13.5,2
2322393,21.1,15.6,13.5,2
2322393,21.1,15.6,13.5,2
2322393,21.1,15.6,13.5,2
2322393,21.1,15.6,13.5,2
2322393,21.1,15.6,13.5,2
2322393,21.1,15.6,13.5,2
2322393,21.1,15.6,13.5,2
2322393,21.1,15.6,13.5,2
2322393,21.1,15.6,13.5,2
2322393,21.1,15.6,13.5,2
2322393,21.1,15.6,13.5,2
2322393,21.1,15.6,13.5,2
2322393,21.1,15.6,13.5,2
2322393,21.1,15.6,13.5,2
2322393,21.1,15.6,13.5,2
2322393,21.1,15.6,13.5,2
2322393,21.1,15.6,13.5,2
2322393,23.1,15.6,23.3,2
2322393,21.1,15.6,13.5,2
2322393,21.1,15.6,13.5,2
2322393,21.1,15.6,13.5,2
2322393,21.1,15.6,13.5,2
2322393,36.7,25.9,29.6,2
2322393,36.7,25.9,29.6,2
2322393,50,30,18,0
2322393,50,30,18,0
2322393,50,30,28,0
2322393,50,30,18,0
2322393,24.5,16.7,17.1,2
2322393,24.5,16.7,17.1,2
2322393,24.5,16.7,17.1,2
2322393,24.5,16.7,17.1,2
2322393,24.5,16.7,17.1,2
2322393,24.5,16.7,17.1,2
2322393,50.4,36.5,16.7,2
2322393,24.5,16.7,17.1,2
2322393,24.5,16.7,17.1,2
2322393,24.5,16.7,17.1,2
2322393,24.5,16.7,17.1,2
2322393,38.9,29,27.4,2
2332279,21.8,19.6,24.4,2
2332279,32.9,15.6,18.1,2
2332279,21.8,19.6,24.4,2
2332279,21.8,19.6,24.4,2
2332279,21.8,19.6,24.4,2
2332279,21.8,19.6,24.4,2
2332279,21.8,19.6,24.4,2
2332279,21.8,19.6,24.4,2
2332279,33.6,33.6,24.6,2
2332279,21.8,19.6,24.4,2
2332279,21.8,19.6,24.4,2
2332279,33.6,33.6,24.6,2
2332279,21.8,19.6,24.4,2
2332279,21.8,19.6,24.4,2
2332279,45.5,27.5,18,1
2332279,38.3,23.4,19.1,2
2332279,33,28.7,23,2
2332279,36.7,28.9,33.8,2
2332279,45.5,27.5,25,1
2332279,38.4,24.1,23.1,2
2332279,45.5,27.5,25,1
2332279,45.5,27.5,25,1
2332279,45.5,27.5,25,1
2332279,45.5,27.5,18,1
2332279,50,30,18,0
2332279,45.5,27.5,18,1
2332279,50,30,28,0
2332279,50,30,28,0
2332279,45.5,27.5,25,1
2332279,45.5,27.5,25,1
2332279,45.5,27.5,25,1
2332279,45.5,27.5,18,1
2332279,45.5,27.5,25,1
2332279,50,30,28,0
2332279,50,30,28,0
2332279,45.5,27.5,18,1
2332279,50,30,28,0
2332279,45.5,27.5,25,1
2332279,45.5,27.5,18,1
2332279,45.5,27.5,18,1
2332279,50,30,28,0
2332279,45.5,27.5,18,1
2332279,45.5,27.5,18,1
2332279,45.5,27.5,25,1
2332279,45.5,27.5,25,1
2332279,45.5,27.5,25,1
2332279,45.5,27.5,25,1
2332279,45.5,27.5,25,1
2332279,50,30,28,0
2332279,50,30,28,0
2332279,45.5,27.5,25,1
2332279,45.5,27.5,25,1
2332279,45.5,27.5,18,1
2332279,50,30,28,0
2332279,50,30,28,0
2332279,50,30,28,0
2332279,50,30,18,0
2332279,45.5,27.5,18,1
2332279,45.5,27.5,25,1
2332279,50,30,28,0
2332279,45.5,27.5,25,1
2332279,45.5,27.5,25,1
2332279,45.5,27.5,25,1
2332279,45.5,27.5,25,1
2332279,45.5,27.5,25,1
2332279,50,30,18,0
2332279,45.5,27.5,25,1
2332279,45.5,27.5,18,1
2332279,50,30,28,0
2332279,45.5,27.5,25,1
2332279,50,30,28,0
2332279,45.5,27.5,18,1
2332279,45.5,27.5,25,1
2332279,45.5,27.5,25,1
2323544,37.6,24.6,26.1,2
2323544,28.2,27.1,23.1,2
2323544,50,30,28,0
2323544,45.5,27.5,25,1
2323544,14.7,12,23.3,2
2323544,26,22.5,24.1,2
2323544,40,15.1,20.7,2
2323544,45.2,34.9,22.8,2
2323544,45.2,34.9,22.8,2
2323544,40,29.3,10.3,2
2323544,25.9,22.9,22.9,2
2323544,40,15.1,20.7,2
2323544,28.2,27.2,23.2,2
2323544,15.5,13.9,20.1,2
2323544,40.2,38,29.1,2
2323544,42.8,29.7,14.7,2
2323544,45.5,27.5,25,1
2323544,45.5,27.5,25,1
2323544,45.5,27.5,25,1
2323544,14.7,12,23.3,2
2323544,45.5,27.5,25,1
2323544,45.5,27.5,18,1
2323544,45.5,27.5,25,1
2323544,14.5,12.5,23,2
2323544,45.5,27.5,25,1
2323544,42.8,29.7,14.7,2
2323544,45.5,27.5,18,1
2323544,14.5,12.5,23,2
2323544,45.5,27.5,18,1
2323544,45.5,27.5,18,1
2323544,45.5,27.5,18,1
2323544,45.5,27.5,18,1
2323544,45.5,27.5,25,1
2323544,45.5,27.5,25,1
2323544,34.7,24.5,18.8,2
2323544,45.5,27.5,18,1
2323544,45.5,27.5,25,1
2323544,24.5,16.7,17.1,2
2323544,45.5,27.5,18,1
2323544,45.5,27.5,25,1
2323544,45.5,27.5,25,1
2323544,45.5,27.5,25,1
2323544,45.5,27.5,25,1
2323544,45.5,27.5,18,1
2323544,45.5,27.5,18,1
2323544,45.5,27.5,25,1
2323544,45.5,27.5,25,1
2323544,45.5,27.5,18,1
2323544,45.5,27.5,25,1
2323544,45.5,27.5,18,1
2323544,45.5,27.5,25,1
2323544,45.5,27.5,18,1
2323544,45.5,27.5,25,1
2323544,45.5,27.5,18,1
2323544,45.5,27.5,18,1
2323544,45.5,27.5,25,1
2323544,45.5,27.5,25,1
2323544,45.5,27.5,25,1
2323544,41,27,34.5,2
2323544,41,27,34.5,2
2323544,45.5,27.5,25,1
2323544,45.5,27.5,25,1
2323544,45.5,27.5,18,1
2323544,15.5,13.9,20.1,2
2323544,45.5,27.5,25,1
2323544,45.5,27.5,18,1
2323544,45.5,27.5,18,1
2323544,45.5,27.5,25,1
2323544,45.5,27.5,25,1
2323544,40.1,26.5,17.1,2
2323544,45.5,27.5,25,1
2323544,45.5,27.5,25,1
2323544,45.5,27.5,25,1
2323544,45.5,27.5,18,1
2332289,25,18.7,15.8,2
2332289,25,18.7,15.8,2
2332289,25,18.7,15.8,2
2332289,45.5,27.5,25,1
2332289,25,18.7,15.8,2
2332289,25,18.7,15.8,2
2332289,38.9,29.2,17.9,2
2332289,36,18.3,11.9,2
2332289,36,18.3,11.9,2
2332289,36,18.3,11.9,2
2332289,36,18.3,11.9,2
2332289,38.9,29.2,17.9,2
2332289,38.9,29.2,17.9,2
2332289,52.8,27.7,15.2,2
2332289,25.6,22.5,23.1,2
2332289,34.5,14.5,14.5,2
2332289,52.8,27.3,15.3,2
2332289,34.5,14.5,14.5,2
2332289,25.6,22.5,23.1,2
2332289,34.5,14.5,14.5,2
2332289,38.9,29.2,17.9,2
2332289,34.5,14.5,14.5,2
2332289,34.5,14.5,14.5,2
2332289,38.9,29.2,17.9,2
2332289,34.5,14.5,14.5,2
2332289,52.8,27.3,15.3,2
2332289,38.9,29.2,17.9,2
2332289,34.5,14.5,14.5,2
2332289,52.8,27.3,15.3,2
2332289,36,18.3,11.9,2
2332289,36.2,15.3,21.5,2
2332289,21.5,15.8,13.4,2
2332289,21.5,15.8,13.4,2
2332289,62.2,40.5,24.6,2
2332289,21.5,15.8,13.4,2
2332289,21.5,15.8,13.4,2
2332289,36,18.3,11.9,2
2332289,21.5,15.8,13.4,2
2332289,38.7,24.7,23.3,2
2332289,21.2,15.8,13.8,2
2332289,45.5,27.5,25,1
2332289,37,24.5,26.3,2
2332289,14.9,12.3,22.8,2
2332289,41.8,31,26.2,2
2332289,33,13.7,17.7,2
2332289,45.5,27.5,18,1
2332289,45.5,27.5,18,1
2332289,45.5,27.5,25,1
2332289,45.5,27.5,25,1
2332289,45.5,27.5,18,1
2332289,50,30,28,0
2332289,50,30,28,0
2332289,50,30,28,0
2332289,50,30,18,0
2332289,45.5,27.5,18,1
2332289,45.5,27.5,18,1
2332289,45.5,27.5,25,1
2332289,45.5,27.5,18,1
2332289,45.5,27.5,18,1
2332289,45.5,27.5,25,1
2332289,45.5,27.5,25,1
2332289,50,30,28,0
2332289,50,30,28,0
2332289,50,30,18,0
2332289,50,30,28,0
2332289,50,30,28,0
2332289,45.5,27.5,18,1
2332289,45.5,27.5,25,1
2332289,45.5,27.5,25,1
2332289,45.5,27.5,18,1
2332289,50,30,28,0
2332289,45.5,27.5,25,1
2332289,20,13,16,2
2332289,28.6,18.5,16.1,2
2313592,20,13,16,2
2313592,21.5,15.8,13.4,2
2313592,21.5,15.8,13.4,2
2313592,21.5,15.8,13.4,2
2313592,20,13,16,2
2313592,28.6,18.5,16.1,2
2313592,21.5,15.8,13.4,2
2313592,27.3,18,10,2
2313592,21.1,15.6,13.6,2
2313592,21.1,15.6,13.5,2
2313592,21.1,15.6,13.5,2
2313592,25,18.7,15.8,2
2313592,33.3,20,24.5,2
2313592,25,18.7,15.8,2
2313592,25,18.7,15.8,2
2313592,25,18.7,15.8,2
2313592,25,18.7,15.8,2
2313592,25,18.7,15.8,2
2313592,21.5,15.8,13.4,2
2313592,25,18.7,15.8,2
2313592,20,13,16,2
2313592,20,13,16,2
2313592,50,30,28,0
2313592,50,30,28,0
2313592,50,30,28,0
2313592,50,30,28,0
2313592,50,30,18,0
2313592,45.5,27.5,25,1
2313592,50,30,18,0
2313592,50,30,28,0
2313592,45.5,27.5,25,1
2313592,50,30,18,0
2313592,45.5,27.5,25,1
2313592,50,30,28,0
2313592,50,30,18,0
2313592,50,30,28,0
2313592,50,30,28,0
2313592,50,30,18,0
2313592,50,30,18,0
2313592,45.5,27.5,25,1
2313592,45.5,27.5,18,1
2313592,45.5,27.5,25,1
2313592,45.5,27.5,25,1
2313592,45.5,27.5,18,1
2313592,38.2,28.3,21.5,2
2313592,45.5,27.5,25,1
2313592,50,30,28,0
2313592,38.2,28.3,21.5,2
2313592,38.2,28.3,21.5,2
2313592,50,30,28,0
2313592,45.5,27.5,25,1
2313592,50,30,28,0
2313592,50,30,28,0
2313592,45.5,27.5,18,1
2313592,45.5,27.5,25,1
2313592,45.5,27.5,18,1
2313592,50,30,28,0
2313592,50,30,18,0
2313592,50,30,18,0
2313592,45.5,27.5,25,1
2313592,50,30,28,0
2313592,50,30,28,0
2313592,50,30,28,0
2313592,50,30,28,0
2313592,50,30,28,0
2313592,50,30,28,0
2313592,45.5,27.5,25,1
2313592,50,30,28,0
2313592,50,30,18,0
2313592,20,18.4,20.8,2
2313592,17.7,16,14.7,2
2313592,20.8,17.1,21.7,2
2313592,42.4,26,8.6,2
2313592,38,29.3,24.4,2
2322445,42.4,26,8.6,2
2322445,38,29.3,24.4,2
2322445,38.4,22.8,23.9,2
2322445,42.8,29.7,14.7,2
2322445,42.8,29.7,14.7,2
2322445,25,16.4,9.1,2
2322445,38.7,24.7,23.3,2
2322445,42.8,29.7,14.7,2
2322445,42.8,29.7,14.7,2
2322445,50,30,18,0
2322445,42.8,29.7,14.7,2
2322445,21,16.7,21.7,2
2322445,50,30,28,0
2322445,50,30,28,0
2322445,50,30,18,0
2322445,50,30,28,0
2322445,50,30,18,0
2322445,50,30,18,0
2322445,50,30,28,0
2322445,50,30,18,0
2322445,23.4,15.6,15.2,2
2322445,15.6,11,16.5,2
2322445,48.2,23.5,19.3,2
2322445,45.5,27.5,25,1
2322445,29.6,26.2,22.4,2
2322445,45.5,27.5,25,1
2322445,45.5,27.5,18,1
2322445,45.5,27.5,18,1
2322445,45.5,27.5,25,1
2322445,45.5,27.5,25,1
2322445,45.5,27.5,18,1
2322445,28,15.7,17.5,2
2322445,48.2,23.5,19.3,2
2322445,45.5,27.5,25,1
2322445,45.5,27.5,18,1
2322445,45.5,27.5,18,1
2322445,45.5,27.5,25,1
2322445,45.5,27.5,18,1
2322445,45.5,27.5,25,1
2322445,45.5,27.5,18,1
2322445,45.5,27.5,25,1
2322445,45.5,27.5,25,1
2322445,45.5,27.5,25,1
2322445,67.2,34.7,18.3,2
2322445,45.5,27.5,18,1
2322445,48.5,23.5,19.8,2
2322445,29.6,26.2,22.4,2
2322445,28,15.7,17.5,2
2322445,28,15.7,17.5,2
2322445,23.6,15.6,15.2,2
2322445,15.2,10.4,25.2,2
2322445,39.6,28.4,19.9,2
2322445,39.6,28.4,19.9,2
2322445,16.6,12.5,14,2
2322445,36.6,20.1,25.6,2
2322445,20,14.8,13.1,2
2322445,20,14.8,13.1,2
2322445,23.2,15.5,10.9,2
2322445,35.3,19.7,23.5,2
2322445,35.3,19.7,23.5,2
2322445,23.2,15.5,10.9,2
2322445,15.2,10.4,25.2,2
2322445,50,30,28,0
2322445,42.7,19.4,28.4,2
2322445,42.7,19.4,28.4,2
2322445,38,29.3,24.4,2
2322445,40.2,38,29.1,2
2322445,38,29.3,24.4,2
2322445,14.5,12.5,23,2
2322445,29.7,20.8,23.5,2
2322445,17.9,15.6,14,2
2322445,19.9,14.9,12.5,2
2322445,23.7,15.6,15.4,2
2322445,19.9,14.9,12.5,2
2332287,23.7,15.2,15.3,2
2332287,19.8,14.4,13.1,2
2332287,20.2,12.1,13.2,2
2332287,19.8,14.4,13.1,2
2332287,20.2,12.1,13.2,2
2332287,29.7,20.8,23.5,2
2332287,52.8,27.3,15.3,2
2332287,52.8,27.3,15.3,2
2332287,52.8,27.3,15.3,2
2332287,52.8,27.3,15.3,2
2332287,52.8,27.3,15.3,2
2332287,52.8,27.3,15.3,2
2332287,52.8,27.3,15.3,2
2332287,52.8,27.3,15.3,2
2332287,23.7,15.2,15.1,2
2332287,52.8,27.3,15.3,2
2332287,52.8,27.3,15.3,2
2332287,52.8,27.3,15.3,2
2332287,52.8,27.3,15.3,2
2332287,52.8,27.3,15.3,2
2332287,52.8,27.3,15.3,2
2332287,52.8,27.3,15.3,2
2332287,52.8,27.3,15.3,2
2332287,52.8,27.3,15.3,2
2332287,52.8,27.3,15.3,2
2332287,52.8,27.3,15.3,2
2332287,52.8,27.3,15.3,2
2332287,52.8,27.3,15.3,2
2332287,23.2,15,11.1,2
2332287,19.5,12.3,13.3,2
2332287,23.2,15,11.1,2
2332287,23.2,15,11.1,2
2332287,23.2,15,11.1,2
2332287,19.5,12.3,13.3,2
2332287,52.8,27.3,15.3,2
2332287,45.2,34.9,22.8,2
2332287,45.2,34.9,22.8,2
2332287,52.8,27.3,15.3,2
2332287,52.8,27.3,15.3,2
2332287,52.8,27.3,15.3,2
2332287,52.8,27.3,15.3,2
2332287,45.2,34.9,22.8,2
2332287,52.8,27.3,15.3,2
2332287,45.2,34.9,22.8,2
2332287,52.8,27.3,15.3,2
2332287,52.8,27.3,15.3,2
2332287,52.8,27.3,15.3,2
2332287,52.8,27.3,15.3,2
2332287,45.2,34.9,22.8,2
2332287,52.8,27.3,15.3,2
2332287,52.8,27.3,15.3,2
2332287,52.8,27.3,15.3,2
2332287,52.8,27.3,15.3,2
2332287,52.8,27.3,15.3,2
2332287,52.8,27.3,15.3,2
2332287,52.8,27.3,15.3,2
2332287,52.8,27.3,15.3,2
2332287,19.9,12.1,14.8,2
2332287,19.9,12.1,14.8,2
2332287,19.9,14.1,12.7,2
2332287,19.9,14.1,12.7,2
2332287,20.1,12.4,12.6,2
2332287,20.1,12.4,12.6,2
2332287,52.8,27.3,15.3,2
2332287,50,30,28,0
2332287,50,30,28,0
2332287,50,30,28,0
2332287,50,30,28,0
2332287,50,30,18,0
2332287,21.8,19.6,24.4,2
2332287,50,30,28,0
2332287,21.8,19.6,24.4,2
2332287,21.8,19.6,24.4,2
2332287,21.8,19.6,24.4,2
2332291,21.8,19.6,24.4,2
2332291,21.8,19.6,24.4,2
2332291,50,30,28,0
2332291,50,30,18,0
2332291,21.8,19.6,24.4,2
2332291,21.8,19.6,24.4,2
2332291,21.8,19.6,24.4,2
2332291,50,30,18,0
2332291,50,30,18,0
2332291,21.8,19.6,24.4,2
2332291,50,30,18,0
2332291,50,30,28,0
2332291,45.5,27.5,25,1
2332291,50,30,28,0
2332291,50,30,28,0
2332291,50,30,28,0
2332291,50,30,28,0
2332291,50,30,18,0
2332291,50,30,28,0
2332291,45.5,27.5,18,1
2332291,45.5,27.5,18,1
2332291,45.5,27.5,25,1
2332291,50,30,18,0
2332291,50,30,28,0
2332291,45.5,27.5,25,1
2332291,45.5,27.5,18,1
2332291,45.5,27.5,18,1
2332291,45.5,27.5,18,1
2332291,45.5,27.5,18,1
2332291,45.5,27.5,25,1
2332291,50,30,28,0
2332291,50,30,28,0
2332291,50,30,28,0
2332291,50,30,28,0
2332291,50,30,28,0
2332291,50,30,18,0
2332291,50,30,28,0
2332291,50,30,28,0
2332291,50,30,28,0
2332291,42.8,29.7,14.7,2
2332291,50,30,18,0
2332291,45.5,27.5,25,1
2332291,50,30,28,0
2332291,50,30,28,0
2332291,50,30,28,0
2332291,50,30,28,0
2332291,50,30,28,0
2332291,50,30,28,0
2332291,33,28.7,23,2
2332291,50,30,18,0
2332291,45.5,27.5,25,1
2332291,45.5,27.5,25,1
2332291,45.5,27.5,25,1
2332291,50,30,28,0
2332291,45.5,27.5,25,1
2332291,45.5,27.5,25,1
2332291,45.5,27.5,25,1
2332291,39.5,26.5,34,2
2332291,45.5,27.5,25,1
2332291,50,30,28,0
2332291,45.5,27.5,18,1
2332291,45.5,27.5,25,1
2332291,45.5,27.5,18,1
2332291,45.5,27.5,25,1
2332291,40.4,26.8,33.6,2
2332291,39.5,26.5,34,2
2332291,34.7,24.5,18.8,2
2332291,50,30,28,0
2332291,17.7,16,14.8,2
2332291,50,30,28,0
2332291,52.8,27.3,15.3,2
2332291,52.8,27.3,15.3,2
2332291,19.4,13.5,11.8,2
2332291,12.9,11.4,20,2
2322463,52.8,27.3,15.3,2
2322463,24.5,16.7,17.1,2
2322463,41.8,31.5,25.9,2
2322463,17.7,16,14.8,2
2322463,52.8,27.3,15.3,2
2322463,24.5,16.7,17.1,2
2322463,45.5,27.5,25,1
2322463,52.8,27.3,15.3,2
2322463,40.4,26.8,33.6,2
2322463,45.5,27.5,18,1
2322463,50,30,28,0
2322463,45.5,27.5,18,1
2322463,40.7,30.6,20.6,2
2322463,52.8,27.3,15.3,2
2322463,52.8,27.3,15.3,2
2322463,52.8,27.3,15.3,2
2322463,52.8,27.3,15.3,2
2322463,42.8,29.7,14.7,2
2322463,52.8,27.3,15.3,2
2322463,52.8,27.3,15.3,2
2322463,34.5,14.5,14.5,2
2322463,20,13,16,2
2322463,41.8,31.5,25.9,2
2322463,45.5,27.5,25,1
2322463,27.3,23.2,7.5,2
2322463,20,18.4,20.8,2
2322463,20,18.4,20.8,2
2322463,19.3,13.1,11.7,2
2322463,29.7,20.8,23.5,2
2322463,29.7,20.8,23.5,2
2322463,36.1,23.5,7.5,2
2322463,21.6,16.1,21.5,2
2322463,45.5,27.5,18,1
2322463,17.7,16,14.7,2
2322463,21.8,19.5,24.5,2
2322463,21,16.8,21.8,2
2322463,17.7,16,14.7,2
2322463,50,30,28,0
2322463,16.2,14.3,17.7,2
2322463,16,13.5,21.2,2
2322463,45.5,27.5,25,1
2322463,45.5,27.5,25,1
2322463,50,30,28,0
2322463,50,30,28,0
2322463,50,30,28,0
2322463,50,30,28,0
2322463,50,30,18,0
2322463,50,30,18,0
2322463,50,30,18,0
2322463,50,30,18,0
2322463,45.5,27.5,18,1
2322463,50,30,28,0
2322463,50,30,28,0
2322463,50,30,28,0
2322463,45.5,27.5,18,1
2322463,45.5,27.5,25,1
2322463,45.5,27.5,18,1
2322463,50,30,28,0
2322463,45.5,27.5,25,1
2322463,50,30,28,0
2322463,45.5,27.5,18,1
2322463,45.5,27.5,18,1
2322463,50,30,18,0
2322463,50,30,18,0
2322463,45.5,27.5,25,1
2322463,45.5,27.5,25,1
2322463,50,30,28,0
2322463,50,30,18,0
2322463,50,30,28,0
2322463,50,30,28,0
2322463,50,30,28,0
2322463,50,30,28,0
2322463,45.5,27.5,18,1
2322463,50,30,18,0
2320581,45.5,27.5,25,1
2320581,50,30,28,0
2320581,45.5,27.5,18,1
2320581,45.5,27.5,18,1
2320581,52.8,27.3,15.3,2
2320581,52.8,27.3,15.3,2
2320581,52.8,27.3,15.3,2
2320581,31.7,21.4,27.5,2
2320581,52.8,27.3,15.3,2
2320581,52.8,27.3,15.3,2
2320581,52.8,27.3,15.3,2
2320581,52.8,27.3,15.3,2
2320581,52.8,27.3,15.3,2
2320581,52.8,27.3,15.3,2
2320581,52.8,27.3,15.3,2
2320581,52.8,27.3,15.3,2
2320581,52.8,27.3,15.3,2
2320581,52.8,27.3,15.3,2
2320581,39.5,26.5,34,2
2320581,39.5,26.5,34,2
2320581,39.5,26.5,34,2
2320581,39.8,26.4,33.8,2
2320581,33,13.7,17.7,2
2320581,39.5,26.5,33.9,2
2320581,33,13.7,17.7,2
2320581,32,25,22.9,2
2320581,32,25,22.9,2
2320581,32,25,22.9,2
2320581,32,25,22.9,2
2320581,26.5,39,32,2
2320581,46.8,30.2,18.6,2
2320581,46.8,30.2,18.6,2
2320581,22.2,22,21.9,2
2320581,50.2,26.1,34.4,2
2320581,50.2,26.1,34.4,2
2320581,50.2,26.1,34.4,2
2320581,50.2,26.1,34.4,2
2320581,44.3,39.2,35.2,2
2320581,44.3,39.2,35.2,2
2320581,44.3,39.2,35.2,2
2320581,38.5,25.5,34.7,2
2320581,31.9,21.4,27.3,2
2320581,41.8,31.5,25.9,2
2320581,14.5,13.4,19.5,2
2320581,13.9,9,15.6,2
2320581,41.1,31.4,26,2
2320581,31.5,42,25.5,2
2320581,52.8,27.7,15.2,2
2320581,38.9,29.2,17.9,2
2320581,38.3,23.4,19.1,2
2320581,52.8,27.7,15.2,2
2320581,52.8,27.7,15.2,2
2320581,52.8,27.7,15.2,2
2320581,42.1,31.4,26.1,2
2320581,50,30,18,0
2320581,50,30,28,0
2320581,50,30,28,0
2320581,50,30,18,0
2320581,50,30,18,0
2320581,50,30,28,0
2320581,50,30,18,0
2320581,50,30,28,0
2320581,45.5,27.5,18,1
2320581,45.5,27.5,25,1
2320581,50,30,28,0
2320581,45.5,27.5,25,1
2320581,45.5,27.5,25,1
2320581,45.5,27.5,18,1
2320581,45.5,27.5,18,1
2320581,45.5,27.5,25,1
2320581,45.5,27.5,25,1
2320581,45.5,27.5,18,1
2320581,45.5,27.5,18,1
2320581,45.5,27.5,25,1
2325145,45.5,27.5,25,1
2325145,50,30,28,0
2325145,16.3,14.6,17.8,2
2325145,45.5,27.5,25,1
2325145,16.3,14.6,17.8,2
2325145,45.5,27.5,25,1
2325145,45.5,27.5,25,1
2325145,45.5,27.5,18,1
2325145,45.5,27.5,25,1
2325145,50,30,28,0
2325145,50,30,28,0
2325145,50,30,28,0
2325145,45.5,27.5,18,1
2325145,50,30,18,0
2325145,45.5,27.5,25,1
2325145,20,18.4,20.8,2
2325145,38.9,29.2,17.9,2
2325145,20,18.4,20.8,2
2325145,20,18.4,20.8,2
2325145,16.3,14.5,17.9,2
2325145,16.3,14.5,17.9,2
2325145,31.7,21.5,20.8,2
2325145,38.9,29.2,17.9,2
2325145,19.3,13.1,11.8,2
2325145,19.3,13.1,11.8,2
2325145,17.7,16,14.7,2
2325145,17.7,16,14.7,2
2325145,17.7,16,14.7,2
2325145,16.1,14.4,18.1,2
2325145,17.7,16,14.8,2
2325145,16,13.5,21.2,2
2325145,16.2,14.3,17.7,2
2325145,17.7,16,14.8,2
2325145,16,13.5,21.2,2
2325145,16,13.5,21.2,2
2325145,16,13.5,21.2,2
2325145,16.2,14.3,17.7,2
2325145,16,14.5,18.3,2
2325145,36,18.3,11.9,2
2325145,16.1,13.5,21.2,2
2325145,16.1,13.5,21.2,2
2325145,16.1,13.5,21.2,2
2325145,16.3,14.3,17.9,2
2325145,16.1,13.5,21.2,2
2325145,12.9,11.4,20,2
2325145,12.9,11.4,20,2
2325145,16.1,14.4,18.1,2
2325145,26.5,20.5,17,2
2325145,17.7,16,14.8,2
2325145,19.3,13.2,11.8,2
2325145,19.3,13.2,11.8,2
2325145,19.3,13.1,11.7,2
2325145,33.6,33.6,24.6,2
2325145,36.2,24.2,16.5,2
2325145,19.3,13.1,11.7,2
2325145,34.7,24.5,18.8,2
2325145,50,30,18,0
2325145,50,30,18,0
2325145,50,30,28,0
2325145,50,30,18,0
2325145,50,30,28,0
2325145,50,30,28,0
2325145,50,30,18,0
2325145,50,30,28,0
2325145,50,30,18,0
2325145,50,30,28,0
2325145,50,30,18,0
2325145,50,30,28,0
2325145,45.5,27.5,18,1
2325145,45.5,27.5,18,1
2325145,45.5,27.5,18,1
2325145,50,30,28,0
2325145,45.5,27.5,25,1
2325145,45.5,27.5,25,1
2332345,45.5,27.5,18,1
2332345,45.5,27.5,25,1
2332345,45.5,27.5,25,1
2332345,45.5,27.5,18,1
2332345,45.5,27.5,18,1
2332345,45.5,27.5,25,1
2332345,50,30,18,0
2332345,45.5,27.5,25,1
2332345,45.5,27.5,18,1
2332345,45.5,27.5,18,1
2332345,45.5,27.5,18,1
2332345,45.5,27.5,18,1
2332345,45.5,27.5,25,1
2332345,41,27,34.5,2
2332345,45.5,27.5,18,1
2332345,45.5,27.5,18,1
2332345,46.8,30.2,18.6,2
2332345,25.6,17.8,27.7,2
2332345,50,30,28,0
2332345,50,30,28,0
2332345,17.7,16,14.7,2
2332345,45.5,27.5,25,1
2332345,45.5,27.5,25,1
2332345,45.5,27.5,25,1
2332345,50,30,18,0
2332345,50,30,28,0
2332345,50,30,28,0
2332345,50,30,18,0
2332345,50,30,28,0
2332345,50,30,28,0
2332345,50,30,18,0
2332345,50,30,28,0
2332345,50,30,28,0
2332345,50,30,18,0
2332345,50,30,28,0
2332345,39.5,26.5,34,2
2332345,50,30,28,0
2332345,50,30,28,0
2332345,50,30,18,0
2332345,39.5,26.5,34,2
2332345,50,30,18,0
2332345,45.5,27.5,18,1
2332345,50,30,18,0
2332345,50,30,28,0
2332345,40.4,27.2,33.7,2
2332345,50,30,18,0
2332345,50,30,28,0
2332345,45.5,27.5,18,1
2332345,52.7,39.3,30.2,2
2332345,45.5,27.5,25,1
2332345,45.5,27.5,25,1
2332345,45.5,27.5,25,1
2332345,52.7,39.3,30.2,2
2332345,52.7,39.3,30.2,2
2332345,52.7,39.3,30.2,2
2332345,45.5,27.5,18,1
2332345,39.3,15.9,19.5,2
2332345,25.8,17.8,27,2
2332345,45.5,27.5,25,1
2332345,39.8,26.4,33.8,2
2332345,45.5,27.5,18,1
2332345,17.7,16,14.8,2
2332345,38.9,29.2,17.9,2
2332345,45.5,27.5,25,1
2332345,33,13.7,17.7,2
2332345,27.1,24.2,19.6,2
2332345,45.5,27.5,25,1
2332345,50,30,18,0
2332345,50,30,28,0
2332345,45.5,27.5,25,1
2332345,45.5,27.5,25,1
2332345,45.5,27.5,18,1
2332345,50,30,18,0
2332345,50,30,18,0
